variable,model_order,distribution,convergence,loglik,AIC,BIC,persistence,mean_model,params_json,pvalues_json,failure_reason,residual_diagnostics_summary
r_ai,"(3,3)",normal,True,-2285.692841196047,4589.385682392094,4635.188870787342,0.9627240050085871,AR(1),"{""Const"": 0.06549255346133925, ""r_ai[1]"": 0.002088270303757547, ""omega"": 0.11788142204712926, ""alpha[1]"": 0.04743561915922108, ""alpha[2]"": 0.10917981167312762, ""alpha[3]"": 1.026493253521641e-12, ""beta[1]"": 0.47926960391507145, ""beta[2]"": 0.0, ""beta[3]"": 0.3268389702601405}","{""Const"": 0.14093838607919823, ""r_ai[1]"": 0.9457467988695105, ""omega"": 0.4784778893240883, ""alpha[1]"": 0.25970517868638154, ""alpha[2]"": 0.02706215075070695, ""alpha[3]"": 0.9999999999957231, ""beta[1]"": 0.5289940813540491, ""beta[2]"": 1.0, ""beta[3]"": 0.2840540844020789}",,"LB_p=0.0088; LB2_p=0.9136; ARCHLM_p=0.9230; pass=LB_sq,ARCHLM"
r_electricity,"(3,3)",normal,True,-1912.229899496383,3842.459798992766,3888.2629873880137,0.7057136850998151,AR(1),"{""Const"": 0.06796720694553855, ""r_el...ity[1]"": -0.03640651233892224, ""omega"": 0.4482400529200981, ""alpha[1]"": 0.07085033372426826, ""alpha[2]"": 0.1359712640707276, ""alpha[3]"": 0.1460666064364423, ""beta[1]"": 1.290443852263687e-13, ""beta[2]"": 0.0, ""beta[3]"": 0.35282548086824783}","{""Const"": 0.07867552600812745, ""r_el...ity[1]"": 0.2759375366530715, ""omega"": 0.10788412293503218, ""alpha[1]"": 0.09168473828480944, ""alpha[2]"": 0.12839357799516127, ""alpha[3]"": 0.3071444187661617, ""beta[1]"": 0.9999999999998301, ""beta[2]"": 1.0, ""beta[3]"": 0.4550931155481772}",,"LB_p=0.1164; LB2_p=0.9961; ARCHLM_p=0.9970; pass=LB,LB_sq,ARCHLM"
r_coal,"(3,3)",normal,True,-3097.982069737528,6213.964139475056,6259.767327870304,0.978921347111604,AR(1),"{""Const"": 0.10933312366564252, ""r_coal[1]"": 0.05639402178880622, ""omega"": 0.24372586438540797, ""alpha[1]"": 0.06294735431929978, ""alpha[2]"": 0.04357611382804665, ""alpha[3]"": 0.010707394871759108, ""beta[1]"": 0.15536189618890192, ""beta[2]"": 0.03343121718124257, ""beta[3]"": 0.6728973707223539}","{""Const"": 0.24601058504194717, ""r_coal[1]"": 0.08303421383936385, ""omega"": 0.45288974209563826, ""alpha[1]"": 0.09518528892668039, ""alpha[2]"": 0.813575517379648, ""alpha[3]"": 0.9344864235740716, ""beta[1]"": 0.9304394187902866, ""beta[2]"": 0.9905860844981819, ""beta[3]"": 0.5725978273907006}",,"LB_p=0.4491; LB2_p=0.5800; ARCHLM_p=0.5988; pass=LB,LB_sq,ARCHLM"
r_gas,"(3,3)",normal,True,-3973.969838852045,7965.93967770409,8011.742866099338,1.00000000099857,AR(1),"{""Const"": 0.21020417937158342, ""r_gas[1]"": 0.0015180921693829488, ""omega"": 8.927188406054743, ""alpha[1]"": 0.16417316899774234, ""alpha[2]"": 0.07778902255328585, ""alpha[3]"": 0.46566302129057885, ""beta[1]"": 0.2300026636378581, ""beta[2]"": 1.5018777523316664e-10, ""beta[3]"": 0.062372124368916884}","{""Const"": 0.21432306632819553, ""r_gas[1]"": 0.9977101953056926, ""omega"": 0.9047715847060164, ""alpha[1]"": 0.6741709465720997, ""alpha[2]"": 0.23637786606482725, ""alpha[3]"": 0.5533659734192471, ""beta[1]"": 0.9251061226543306, ""beta[2]"": 0.9999999999638364, ""beta[3]"": 0.982790939199087}",,"LB_p=0.3780; LB2_p=0.9980; ARCHLM_p=0.9981; pass=LB,LB_sq,ARCHLM"
r_wti,"(3,3)",normal,True,-2757.8762565232228,5533.7525130464455,5579.555701441694,0.9558204084586277,AR(1),"{""Const"": 0.12699842234853426, ""r_wti[1]"": 0.01482273574946605, ""omega"": 0.37549566550230745, ""alpha[1]"": 0.18223703825780704, ""alpha[2]"": 0.02254252920960667, ""alpha[3]"": 0.04176712335564152, ""beta[1]"": 0.1880170907304382, ""beta[2]"": 0.5212566269051342, ""beta[3]"": 1.0662357838507422e-16}","{""Const"": 0.03395457686066998, ""r_wti[1]"": 0.6230466325662319, ""omega"": 0.07560976431806476, ""alpha[1]"": 0.013017177041136054, ""alpha[2]"": 0.8121878192337938, ""alpha[3]"": 0.5110264619908622, ""beta[1]"": 0.6662909373562345, ""beta[2]"": 1.128450845649923e-09, ""beta[3]"": 0.9999999999999997}",,"LB_p=0.9480; LB2_p=0.0863; ARCHLM_p=0.1149; pass=LB,LB_sq,ARCHLM"
r_gold,"(3,3)",normal,True,-1634.7762814342334,3287.552562868467,3333.3557512637144,0.8048591203807947,AR(1),"{""Const"": 0.029697397790236696, ""r_gold[1]"": -0.0020948928514834654, ""omega"": 0.1870404625540904, ""alpha[1]"": 0.02164642437171359, ""alpha[2]"": 0.12280398764331743, ""alpha[3]"": 0.04597243310997043, ""beta[1]"": 0.0, ""beta[2]"": 0.4280141465691158, ""beta[3]"": 0.18642212868667735}","{""Const"": 0.2747350579488399, ""r_gold[1]"": 0.9436613904962534, ""omega"": 0.8454196761461138, ""alpha[1]"": 0.5093494902575062, ""alpha[2]"": 0.4322017298673224, ""alpha[3]"": 0.955899399131546, ""beta[1]"": 1.0, ""beta[2]"": 0.9009339847999258, ""beta[3]"": 0.9270551209805407}",,"LB_p=0.0369; LB2_p=0.8870; ARCHLM_p=0.9018; pass=LB_sq,ARCHLM"
r_ai,"(3,3)",t,True,-2276.247101079879,4572.494202159758,4623.3866337100335,0.9467181784858522,AR(1),"{""Const"": 0.09995558937037193, ""r_ai[1]"": 0.0030126021942005195, ""omega"": 0.1746086927731277, ""alpha[1]"": 0.045591957450465896, ""alpha[2]"": 0.11505296566952988, ""alpha[3]"": 0.07251705292046094, ""beta[1]"": 0.2371850695534811, ""beta[2]"": 4.620692833504125e-14, ""beta[3]"": 0.47637113289186817, ""nu"": 12.558871615166197}","{""Const"": 0.023096052350053565, ""r_ai[1]"": 0.9175773058011385, ""omega"": 0.027341819147658448, ""alpha[1]"": 0.11370167626529395, ""alpha[2]"": 0.012904269937342209, ""alpha[3]"": 0.27905377059533676, ""beta[1]"": 0.35831851896544464, ""beta[2]"": 0.9999999999998684, ""beta[3]"": 0.0006728945812293624, ""nu"": 0.0025159743966358225}",,"LB_p=0.0118; LB2_p=0.9540; ARCHLM_p=0.9574; pass=LB_sq,ARCHLM"
r_electricity,"(3,3)",t,True,-1896.128653933201,3812.257307866402,3863.1497394166768,0.7889400474744112,AR(1),"{""Const"": 0.08095548377869678, ""r_el...ity[1]"": -0.032358029592222705, ""omega"": 0.3330452643515997, ""alpha[1]"": 0.08876792110318768, ""alpha[2]"": 0.12783746099590704, ""alpha[3]"": 0.11369817865988699, ""beta[1]"": 1.0107960718534814e-11, ""beta[2]"": 9.51892910421313e-12, ""beta[3]"": 0.45863648669580254, ""nu"": 7.600714459532399}","{""Const"": 0.4057333564266904, ""r_el...ity[1]"": 0.736818188597439, ""omega"": 0.6770369823834839, ""alpha[1]"": 0.7031542855569856, ""alpha[2]"": 0.8335276889749571, ""alpha[3]"": 0.9122857831444463, ""beta[1]"": 0.9999999999977977, ""beta[2]"": 0.9999999999982757, ""beta[3]"": 0.8089950919478988, ""nu"": 5.0039412369248835e-05}",,"LB_p=0.1365; LB2_p=0.9952; ARCHLM_p=0.9963; pass=LB,LB_sq,ARCHLM"
r_coal,"(3,3)",t,True,-3066.5986003352227,6153.197200670445,6204.089632220721,0.992664702306225,AR(1),"{""Const"": 0.10378214179010442, ""r_coal[1]"": 0.041291545364385486, ""omega"": 0.08490416674926758, ""alpha[1]"": 0.04832156169887147, ""alpha[2]"": 0.013981950300544605, ""alpha[3]"": 0.0101631523110165, ""beta[1]"": 1.8718197058746876e-15, ""beta[2]"": 0.6022675037278761, ""beta[3]"": 0.3179305342679145, ""nu"": 5.838531521432897}","{""Const"": 0.18413622408773656, ""r_coal[1]"": 0.1640337433671123, ""omega"": 0.49960095007767724, ""alpha[1]"": 0.1835069756521337, ""alpha[2]"": 0.8329936275041316, ""alpha[3]"": 0.7390901528344241, ""beta[1]"": 0.9999999999999987, ""beta[2]"": 0.15707852742720774, ""beta[3]"": 0.6524458689704539, ""nu"": 8.651495358048926e-11}",,"LB_p=0.3608; LB2_p=0.0898; ARCHLM_p=0.1295; pass=LB,LB_sq,ARCHLM"
r_gas,"(3,3)",t,True,-3839.122683198783,7698.245366397566,7749.137797947841,0.8898912067568429,AR(1),"{""Const"": 0.12488582548570852, ""r_gas[1]"": 0.0023319375443216937, ""omega"": 12.641526466665425, ""alpha[1]"": 0.23148291024248205, ""alpha[2]"": 0.13566603025941942, ""alpha[3]"": 0.2427701451858226, ""beta[1]"": 0.21565702683008256, ""beta[2]"": 1.3631026517324085e-14, ""beta[3]"": 0.06431509423902257, ""nu"": 3.5993500697577137}","{""Const"": 0.3658851485297624, ""r_gas[1]"": 0.9365621633148313, ""omega"": 0.1415956094558757, ""alpha[1]"": 0.016521983599879362, ""alpha[2]"": 0.056970154199802954, ""alpha[3]"": 0.40942364384979735, ""beta[1]"": 0.3856513655716446, ""beta[2]"": 0.9999999999999827, ""beta[3]"": 0.8810241640436216, ""nu"": 1.7540899872195269e-15}",,"LB_p=0.4916; LB2_p=0.9994; ARCHLM_p=0.9995; pass=LB,LB_sq,ARCHLM"
r_wti,"(3,3)",t,True,-2737.399630341731,5494.799260683462,5545.691692233738,0.9164836957887444,AR(1),"{""Const"": 0.17347380939478965, ""r_wti[1]"": 0.01565990413036253, ""omega"": 0.5728880867620987, ""alpha[1]"": 0.12304016100677227, ""alpha[2]"": 0.07139045296209313, ""alpha[3]"": 0.07963997682449594, ""beta[1]"": 1.1067092928375236e-16, ""beta[2]"": 0.5562282997272588, ""beta[3]"": 0.08618480526812407, ""nu"": 7.919017020334233}","{""Const"": 0.004627479679621132, ""r_wti[1]"": 0.5880107356096824, ""omega"": 0.43029418194478286, ""alpha[1]"": 0.008164497193508171, ""alpha[2]"": 0.7670988218665588, ""alpha[3]"": 0.5162458577067859, ""beta[1]"": 0.9999999999999999, ""beta[2]"": 2.5609493399024207e-10, ""beta[3]"": 0.930475647119992, ""nu"": 4.093788559496949e-06}",,LB_p=0.9237; LB2_p=0.0011; ARCHLM_p=0.0033; pass=LB
r_gold,"(3,3)",t,True,-1602.1887748753861,3224.3775497507722,3275.269981301047,0.8839563168199263,AR(1),"{""Const"": 0.06888874799559581, ""r_gold[1]"": -0.011642161949457447, ""omega"": 0.1139632862307101, ""alpha[1]"": 0.020648755305195228, ""alpha[2]"": 0.0447813971244111, ""alpha[3]"": 0.05316566550301515, ""beta[1]"": 0.3223473328306131, ""beta[2]"": 1.800164291852085e-14, ""beta[3]"": 0.4430131660566736, ""nu"": 5.311825115457289}","{""Const"": 0.0058342388375322764, ""r_gold[1]"": 0.6631114983868229, ""omega"": 0.054429129614677364, ""alpha[1]"": 0.61136583476662, ""alpha[2]"": 0.20344170496896674, ""alpha[3]"": 0.07074634355562763, ""beta[1]"": 0.18907209237561518, ""beta[2]"": 0.9999999999999551, ""beta[3]"": 0.033813581129697505, ""nu"": 9.904910944138944e-11}",,"LB_p=0.0353; LB2_p=0.8805; ARCHLM_p=0.8886; pass=LB_sq,ARCHLM"
r_ai,"(4,4)",normal,True,-2283.699073373091,4589.398146746182,4645.3798214514845,0.9419961242262426,AR(1),"{""Const"": 0.07202829108816917, ""r_ai[1]"": 0.001129105506990598, ""omega"": 0.1858692546516432, ""alpha[1]"": 0.05476684806461713, ""alpha[2]"": 0.15472469240389, ""alpha[3]"": 0.052858448708572536, ""alpha[4]"": 2.2144590238115233e-12, ""beta[1]"": 0.0, ""beta[2]"": 0.0, ""beta[3]"": 0.2983033483974045, ""beta[4]"": 0.3813427866495439}","{""Const"": 0.1174805754757705, ""r_ai[1]"": 0.9704784030456289, ""omega"": 0.6256356963119738, ""alpha[1]"": 0.15022221421255977, ""alpha[2]"": 0.40146418769601944, ""alpha[3]"": 0.8616662017547864, ""alpha[4]"": 0.9999999999741341, ""beta[1]"": 1.0, ""beta[2]"": 1.0, ""beta[3]"": 0.7630946228445898, ""beta[4]"": 0.8273468763770058}",,"LB_p=0.0093; LB2_p=0.9090; ARCHLM_p=0.9081; pass=LB_sq,ARCHLM"
r_electricity,"(4,4)",normal,True,-1912.2298998521815,3846.459799704363,3902.4414744096657,0.7056824994041946,AR(1),"{""Const"": 0.06797032284982928, ""r_el...ity[1]"": -0.03642209578405341, ""omega"": 0.4482918299873615, ""alpha[1]"": 0.07086458397811456, ""alpha[2]"": 0.13594258385531294, ""alpha[3]"": 0.14609931635610351, ""alpha[4]"": 2.237094902188499e-10, ""beta[1]"": 0.0, ""beta[2]"": 0.0, ""beta[3]"": 0.35277600937831155, ""beta[4]"": 5.612642466982033e-09}","{""Const"": 0.05442218017133287, ""r_el...ity[1]"": 0.24396253417583502, ""omega"": 0.5005697700955916, ""alpha[1]"": 0.05314786300072407, ""alpha[2]"": 0.20797881167487298, ""alpha[3]"": 0.5223277114464266, ""alpha[4]"": 0.9999999992124079, ""beta[1]"": 1.0, ""beta[2]"": 1.0, ""beta[3]"": 0.5259095395577168, ""beta[4]"": 0.9999999938222321}",,"LB_p=0.1164; LB2_p=0.9961; ARCHLM_p=0.9970; pass=LB,LB_sq,ARCHLM"
r_coal,"(4,4)",normal,True,-3097.506715812025,6217.01343162405,6272.995106329353,0.977487924053982,AR(1),"{""Const"": 0.10916725646882584, ""r_coal[1]"": 0.05838944053294905, ""omega"": 0.26004276639620677, ""alpha[1]"": 0.048950043157643786, ""alpha[2]"": 0.06895236987807976, ""alpha[3]"": 2.970571000443719e-11, ""alpha[4]"": 5.02832632648753e-11, ""beta[1]"": 0.05196711607065312, ""beta[2]"": 0.5758664598788614, ""beta[3]"": 0.0, ""beta[4]"": 0.231751934988755}","{""Const"": 0.20320469517612694, ""r_coal[1]"": 0.06500833150063878, ""omega"": 0.29233729675302667, ""alpha[1]"": 0.12316760755476995, ""alpha[2]"": 0.23139221019325085, ""alpha[3]"": 0.999999999329001, ""alpha[4]"": 0.9999999992283437, ""beta[1]"": 0.92723203936572, ""beta[2]"": 0.3584136857503415, ""beta[3]"": 1.0, ""beta[4]"": 0.6633496494316602}",,"LB_p=0.4484; LB2_p=0.5988; ARCHLM_p=0.6392; pass=LB,LB_sq,ARCHLM"
r_gas,"(4,4)",normal,True,-3971.785916054496,7965.571832108992,8021.553506814294,1.000000000003231,AR(1),"{""Const"": 0.2217251241022114, ""r_gas[1]"": 0.009695054328161179, ""omega"": 11.282026937600953, ""alpha[1]"": 0.14374509310434072, ""alpha[2]"": 0.11141940644362489, ""alpha[3]"": 0.4861362512142589, ""alpha[4]"": 0.15202234890901584, ""beta[1]"": 0.0, ""beta[2]"": 0.0, ""beta[3]"": 0.1066769003319907, ""beta[4]"": 0.0}","{""Const"": 0.355844388365282, ""r_gas[1]"": 0.9720449250634641, ""omega"": 0.6846609844413014, ""alpha[1]"": 0.1614933286426451, ""alpha[2]"": 0.8946002016196752, ""alpha[3]"": 0.1938191531422937, ""alpha[4]"": 0.9607333934245074, ""beta[1]"": 1.0, ""beta[2]"": 1.0, ""beta[3]"": 0.9409032516316173, ""beta[4]"": 1.0}",,"LB_p=0.3780; LB2_p=0.9992; ARCHLM_p=0.9992; pass=LB,LB_sq,ARCHLM"
r_wti,"(4,4)",normal,True,-2757.825887761377,5537.651775522754,5593.633450228057,0.9538704346212208,AR(1),"{""Const"": 0.1255227311294504, ""r_wti[1]"": 0.01580105130418017, ""omega"": 0.3905960840477344, ""alpha[1]"": 0.18243223359116362, ""alpha[2]"": 0.020983558608257295, ""alpha[3]"": 0.03726250239451323, ""alpha[4]"": 0.01411219357309913, ""beta[1]"": 0.1623266539893769, ""beta[2]"": 0.5367532924647028, ""beta[3]"": 1.0785093562483132e-13, ""beta[4]"": 0.0}","{""Const"": 0.036501700144632124, ""r_wti[1]"": 0.6071997916109912, ""omega"": 0.3753311716614657, ""alpha[1]"": 0.0025654441061233775, ""alpha[2]"": 0.8815738758001064, ""alpha[3]"": 0.8000745130581545, ""alpha[4]"": 0.7352389944937887, ""beta[1]"": 0.8236733146667996, ""beta[2]"": 0.4315146039092044, ""beta[3]"": 0.9999999999997959, ""beta[4]"": 1.0}",,"LB_p=0.9525; LB2_p=0.0958; ARCHLM_p=0.1257; pass=LB,LB_sq,ARCHLM"
r_gold,"(4,4)",normal,True,-1634.410686406357,3290.821372812714,3346.8030475180167,0.7556759024094344,AR(1),"{""Const"": 0.03072204795446198, ""r_gold[1]"": 8.349433149457068e-05, ""omega"": 0.23474409595939094, ""alpha[1]"": 0.028504133467125627, ""alpha[2]"": 0.1385478762385711, ""alpha[3]"": 0.04974140297284039, ""alpha[4]"": 0.02878032002656284, ""beta[1]"": 2.3167504933350617e-16, ""beta[2]"": 0.0, ""beta[3]"": 0.2135402613457213, ""beta[4]"": 0.2965619083586129}","{""Const"": 0.2502447082918019, ""r_gold[1]"": 0.9977930998451157, ""omega"": 0.06041974476411378, ""alpha[1]"": 0.4345899427269526, ""alpha[2]"": 0.012711543617158661, ""alpha[3]"": 0.706250927226072, ""alpha[4]"": 0.8299178741205813, ""beta[1]"": 0.9999999999999998, ""beta[2]"": 1.0, ""beta[3]"": 0.35799947310182656, ""beta[4]"": 0.37825579085782957}",,"LB_p=0.0392; LB2_p=0.9553; ARCHLM_p=0.9631; pass=LB_sq,ARCHLM"
r_ai,"(4,4)",t,True,-2275.7320095432947,4575.464019086589,4636.5349369469195,0.9343761614431507,AR(1),"{""Const"": 0.09990026533140159, ""r_ai[1]"": 0.0013363030694001129, ""omega"": 0.2133633296659318, ""alpha[1]"": 0.049235449441162295, ""alpha[2]"": 0.15051377627696055, ""alpha[3]"": 0.07737943746101306, ""alpha[4]"": 0.016504754611285387, ""beta[1]"": 5.83891998815972e-12, ""beta[2]"": 6.037820725893111e-12, ""beta[3]"": 0.35898816277004336, ""beta[4]"": 0.28175458087080935, ""nu"": 13.066126361070333}","{""Const"": 0.022602978712401182, ""r_ai[1]"": 0.9632610930736292, ""omega"": 0.4289120951266908, ""alpha[1]"": 0.14916236283538215, ""alpha[2]"": 0.13604839385235418, ""alpha[3]"": 0.6986280192211538, ""alpha[4]"": 0.803930284041868, ""beta[1]"": 0.9999999999971151, ""beta[2]"": 0.9999999999925604, ""beta[3]"": 0.43540185158963207, ""beta[4]"": 0.7821018082125696, ""nu"": 0.006026786449938968}",,"LB_p=0.0110; LB2_p=0.9652; ARCHLM_p=0.9671; pass=LB_sq,ARCHLM"
r_electricity,"(4,4)",t,True,-1895.6707396879092,3815.3414793758184,3876.4123972361485,0.8185940565076892,AR(1),"{""Const"": 0.08206984922273108, ""r_el...ity[1]"": -0.02717154625686407, ""omega"": 0.2879959252147069, ""alpha[1]"": 0.1269966261918556, ""alpha[2]"": 0.12046192582427478, ""alpha[3]"": 0.04493769636899848, ""alpha[4]"": 0.0, ""beta[1]"": 0.22483945237499636, ""beta[2]"": 2.1845195671680137e-15, ""beta[3]"": 2.1537685263758178e-15, ""beta[4]"": 0.30135835574755976, ""nu"": 7.554777783186833}","{""Const"": 0.01268085739991619, ""r_el...ity[1]"": 0.4013505495540043, ""omega"": 0.19027200588485793, ""alpha[1]"": 0.019031791018085036, ""alpha[2]"": 0.40460043590232886, ""alpha[3]"": 0.5777411552255045, ""alpha[4]"": 1.0, ""beta[1]"": 0.7873414161676002, ""beta[2]"": 0.9999999999999976, ""beta[3]"": 0.999999999999997, ""beta[4]"": 0.43937836455895196, ""nu"": 1.9157933462305646e-07}",,"LB_p=0.1594; LB2_p=0.9979; ARCHLM_p=0.9981; pass=LB,LB_sq,ARCHLM"
r_coal,"(4,4)",t,True,-3066.2668749621716,6156.533749924343,6217.604667784673,0.9911496635560606,AR(1),"{""Const"": 0.10386455777491801, ""r_coal[1]"": 0.03808987995054224, ""omega"": 0.1028170170316003, ""alpha[1]"": 0.025781783952983552, ""alpha[2]"": 0.018713290211196266, ""alpha[3]"": 0.042904897556833924, ""alpha[4]"": 2.834799901081757e-12, ""beta[1]"": 0.3820539567655275, ""beta[2]"": 4.087099388523867e-12, ""beta[3]"": 4.573519902755034e-10, ""beta[4]"": 0.5216957346052454, ""nu"": 5.8780780508024595}","{""Const"": 0.40217333112865217, ""r_coal[1]"": 0.23972431495202706, ""omega"": 0.7465205678094254, ""alpha[1]"": 0.8937826599177582, ""alpha[2]"": 0.9640814009269579, ""alpha[3]"": 0.9255403374073133, ""alpha[4]"": 0.9999999999949051, ""beta[1]"": 0.7789202384961984, ""beta[2]"": 0.9999999999990125, ""beta[3]"": 0.9999999999346638, ""beta[4]"": 0.8774967847749149, ""nu"": 2.101329890528645e-09}",,"LB_p=0.3895; LB2_p=0.1332; ARCHLM_p=0.1934; pass=LB,LB_sq,ARCHLM"
r_gas,"(4,4)",t,True,-3838.2122143042316,7700.424428608463,7761.495346468793,0.8737478988578465,AR(1),"{""Const"": 0.12531506986574023, ""r_gas[1]"": 0.0038557117280265205, ""omega"": 15.774231816711337, ""alpha[1]"": 0.21050039506344614, ""alpha[2]"": 0.18239611893472438, ""alpha[3]"": 0.27398190348513585, ""alpha[4]"": 0.1279278862608274, ""beta[1]"": 0.0, ""beta[2]"": 0.0, ""beta[3]"": 0.07894159511370862, ""beta[4]"": 4.171895959518377e-15, ""nu"": 3.6098704548952747}","{""Const"": 0.3558937725260851, ""r_gas[1]"": 0.8927776310968768, ""omega"": 0.021171535097126867, ""alpha[1]"": 0.019567607913653938, ""alpha[2]"": 0.028011627936274697, ""alpha[3]"": 0.017392497983600666, ""alpha[4]"": 0.11455101967407928, ""beta[1]"": 1.0, ""beta[2]"": 1.0, ""beta[3]"": 0.42618988245713585, ""beta[4]"": 0.9999999999999559, ""nu"": 1.3226511336445712e-15}",,"LB_p=0.5193; LB2_p=0.9994; ARCHLM_p=0.9995; pass=LB,LB_sq,ARCHLM"
r_wti,"(4,4)",t,True,-2737.515144492164,5499.030288984328,5560.101206844658,0.889374644015566,AR(1),"{""Const"": 0.17973682468087906, ""r_wti[1]"": 0.01203207620915403, ""omega"": 0.754009793927204, ""alpha[1]"": 0.1384641339614012, ""alpha[2]"": 0.10566538965951491, ""alpha[3]"": 0.12589290820544538, ""alpha[4]"": 0.0, ""beta[1]"": 3.865132448362257e-12, ""beta[2]"": 4.2881419694704526e-12, ""beta[3]"": 0.1926139476297626, ""beta[4]"": 0.3267382645512885, ""nu"": 7.866291247328057}","{""Const"": 0.003089330022812547, ""r_wti[1]"": 0.6784320635915495, ""omega"": 0.008086281926109728, ""alpha[1]"": 0.017167051686418328, ""alpha[2]"": 0.010322056484600692, ""alpha[3]"": 0.05495766308439773, ""alpha[4]"": 1.0, ""beta[1]"": 0.9999999999868209, ""beta[2]"": 0.99999999998025, ""beta[3]"": 0.2853483135828213, ""beta[4]"": 0.02928800995435808, ""nu"": 3.034223605015493e-06}",,LB_p=0.9040; LB2_p=0.0012; ARCHLM_p=0.0030; pass=LB
r_gold,"(4,4)",t,True,-1601.6040071411162,3227.2080142822324,3288.2789321425626,0.8400559061584106,AR(1),"{""Const"": 0.0677042510605474, ""r_gold[1]"": -0.014660757626181055, ""omega"": 0.15627220176144282, ""alpha[1]"": 0.01104405952251919, ""alpha[2]"": 0.08323452682751638, ""alpha[3]"": 0.040423303582094984, ""alpha[4]"": 0.02755047985161467, ""beta[1]"": 0.0, ""beta[2]"": 0.0, ""beta[3]"": 0.22169857496208834, ""beta[4]"": 0.45610496141257706, ""nu"": 5.337710216850519}","{""Const"": 0.007205734752513157, ""r_gold[1]"": 0.6012946948033839, ""omega"": 0.08028473037671148, ""alpha[1]"": 0.8160716692287164, ""alpha[2]"": 0.06262655387826123, ""alpha[3]"": 0.46482247289044065, ""alpha[4]"": 0.46196829308380927, ""beta[1]"": 1.0, ""beta[2]"": 1.0, ""beta[3]"": 0.3181626707302939, ""beta[4]"": 0.030030534515785468, ""nu"": 2.757969144125302e-10}",,"LB_p=0.0324; LB2_p=0.9595; ARCHLM_p=0.9646; pass=LB_sq,ARCHLM"
r_ai,"(5,5)",normal,True,-2283.6990737013966,4593.398147402793,4659.558308418151,0.9419896775865217,AR(1),"{""Const"": 0.0720213232821338, ""r_ai[1]"": 0.0011411084028936365, ""omega"": 0.18589552599058282, ""alpha[1]"": 0.05477090371543249, ""alpha[2]"": 0.15473883667746485, ""alpha[3]"": 0.05285941325512578, ""alpha[4]"": 1.8794504212338617e-11, ""alpha[5]"": 6.927300019173363e-11, ""beta[1]"": 2.369676563814719e-10, ""beta[2]"": 2.2837827765149494e-10, ""beta[3]"": 0.2982927013989129, ""beta[4]"": 0.3813278217191152, ""beta[5]"": 2.6705699752198643e-10}","{""Const"": 0.12462963930256109, ""r_ai[1]"": 0.9710061801742026, ""omega"": 0.35888048739709644, ""alpha[1]"": 0.2328166093426729, ""alpha[2]"": 0.029355363275937747, ""alpha[3]"": 0.6410896272699891, ""alpha[4]"": 0.999999999801618, ""alpha[5]"": 0.9999999995716388, ""beta[1]"": 0.999999999667404, ""beta[2]"": 0.999999999708348, ""beta[3]"": 0.5963124004044476, ""beta[4]"": 0.40133350284850855, ""beta[5]"": 0.999999999561412}",,"LB_p=0.0093; LB2_p=0.9091; ARCHLM_p=0.9082; pass=LB_sq,ARCHLM"
r_electricity,"(5,5)",normal,True,-1911.081578561847,3848.163157123694,3914.3233181390515,0.7008795046349257,AR(1),"{""Const"": 0.07365449791532615, ""r_el...ity[1]"": -0.036156229161034066, ""omega"": 0.4569225003291677, ""alpha[1]"": 0.1119803098217432, ""alpha[2]"": 0.1413855913364839, ""alpha[3]"": 0.12857083996611, ""alpha[4]"": 4.8507871722148136e-12, ""alpha[5]"": 0.007181380159365596, ""beta[1]"": 9.782091600222564e-14, ""beta[2]"": 6.168202593475072e-13, ""beta[3]"": 0.0, ""beta[4]"": 0.04726354210014473, ""beta[5]"": 0.2644978412455129}","{""Const"": 0.032801211057297844, ""r_el...ity[1]"": 0.26739473031038385, ""omega"": 0.09229790740372237, ""alpha[1]"": 0.0340599676285967, ""alpha[2]"": 0.04971958381202185, ""alpha[3]"": 0.28338636741358103, ""alpha[4]"": 0.9999999999450139, ""alpha[5]"": 0.9254962983110412, ""beta[1]"": 0.9999999999997925, ""beta[2]"": 0.9999999999980217, ""beta[3]"": 1.0, ""beta[4]"": 0.6149081974300475, ""beta[5]"": 0.14315972106703995}",,"LB_p=0.1562; LB2_p=0.9947; ARCHLM_p=0.9959; pass=LB,LB_sq,ARCHLM"
r_coal,"(5,5)",normal,True,-3092.7516647415255,6211.503329483051,6277.6634904984085,0.9689581586819789,AR(1),"{""Const"": 0.11523840180262464, ""r_coal[1]"": 0.05048842866291611, ""omega"": 0.3396143053305941, ""alpha[1]"": 0.047908461467421455, ""alpha[2]"": 0.054507202109203914, ""alpha[3]"": 0.07302278482650892, ""alpha[4]"": 0.003557606335053356, ""alpha[5]"": 0.0, ""beta[1]"": 0.0, ""beta[2]"": 0.0, ""beta[3]"": 5.970138676904541e-13, ""beta[4]"": 0.046076630325603725, ""beta[5]"": 0.7438854736175905}","{""Const"": 0.18184113701230198, ""r_coal[1]"": 0.12598239933649116, ""omega"": 0.4134406244278318, ""alpha[1]"": 0.13949528867480035, ""alpha[2]"": 0.16977084602072978, ""alpha[3]"": 0.0862650389455295, ""alpha[4]"": 0.926817660253723, ""alpha[5]"": 1.0, ""beta[1]"": 1.0, ""beta[2]"": 1.0, ""beta[3]"": 0.9999999999946172, ""beta[4]"": 0.7222886653015583, ""beta[5]"": 1.2095503890168585e-09}",,"LB_p=0.4019; LB2_p=0.5684; ARCHLM_p=0.5987; pass=LB,LB_sq,ARCHLM"
r_gas,"(5,5)",normal,True,-3971.785915835806,7969.571831671612,8035.7319926869695,1.0000000000686602,AR(1),"{""Const"": 0.2217350067686637, ""r_gas[1]"": 0.009693446165893096, ""omega"": 11.282035945016098, ""alpha[1]"": 0.14377740249337517, ""alpha[2]"": 0.1114240308540685, ""alpha[3]"": 0.4861128623681314, ""alpha[4]"": 0.152005882606429, ""alpha[5]"": 0.0, ""beta[1]"": 0.0, ""beta[2]"": 1.041285875332743e-11, ""beta[3]"": 0.10667982173624327, ""beta[4]"": 0.0, ""beta[5]"": 0.0}","{""Const"": 0.9765967344805953, ""r_gas[1]"": 0.9972173917660876, ""omega"": 0.9579033087929764, ""alpha[1]"": 0.9866949947164866, ""alpha[2]"": 0.9502407795340718, ""alpha[3]"": 0.8053628915761972, ""alpha[4]"": 0.9582686454834967, ""alpha[5]"": 1.0, ""beta[1]"": 1.0, ""beta[2]"": 0.9999999999997363, ""beta[3]"": 0.992852513998093, ""beta[4]"": 1.0, ""beta[5]"": 1.0}",,"LB_p=0.3780; LB2_p=0.9992; ARCHLM_p=0.9992; pass=LB,LB_sq,ARCHLM"
r_wti,"(5,5)",normal,True,-2755.1918812803124,5536.383762560625,5602.543923575982,0.9289049810496663,AR(1),"{""Const"": 0.11671431154485297, ""r_wti[1]"": 0.018349929890022702, ""omega"": 0.6161836262279292, ""alpha[1]"": 0.17319588855072518, ""alpha[2]"": 0.05411979999431957, ""alpha[3]"": 0.05179602101696536, ""alpha[4]"": 0.02099464278933384, ""alpha[5]"": 0.12000166532094673, ""beta[1]"": 3.098710280473011e-14, ""beta[2]"": 0.3488467028532404, ""beta[3]"": 2.2173537082548272e-14, ""beta[4]"": 0.0, ""beta[5]"": 0.15995026052408223}","{""Const"": 0.057795083953722494, ""r_wti[1]"": 0.5781074064915217, ""omega"": 0.5831343931187363, ""alpha[1]"": 0.015077960878023593, ""alpha[2]"": 0.7776939645832326, ""alpha[3]"": 0.588519619373305, ""alpha[4]"": 0.9381091287123933, ""alpha[5]"": 0.5684154695937793, ""beta[1]"": 0.9999999999999792, ""beta[2]"": 0.43288515180951925, ""beta[3]"": 0.9999999999999799, ""beta[4]"": 1.0, ""beta[5]"": 0.8543731052698509}",,"LB_p=0.9436; LB2_p=0.1343; ARCHLM_p=0.1791; pass=LB,LB_sq,ARCHLM"
r_gold,"(5,5)",normal,True,-1632.8893693226205,3291.778738645241,3357.9388996605985,0.7655711909448536,AR(1),"{""Const"": 0.030063662726815064, ""r_gold[1]"": 0.0012775916322753397, ""omega"": 0.2250576979594711, ""alpha[1]"": 0.025540874488189872, ""alpha[2]"": 0.10855132140305863, ""alpha[3]"": 4.393043099669334e-14, ""alpha[4]"": 0.024483036757800596, ""alpha[5]"": 0.07736361046443924, ""beta[1]"": 0.3008240216922426, ""beta[2]"": 0.0, ""beta[3]"": 0.0, ""beta[4]"": 0.22880832613907867, ""beta[5]"": 0.0}","{""Const"": 0.2740584428966234, ""r_gold[1]"": 0.9662306829414311, ""omega"": 0.033902120277517156, ""alpha[1]"": 0.4590582406624365, ""alpha[2]"": 0.10488592726268543, ""alpha[3]"": 0.9999999999994434, ""alpha[4]"": 0.5227030751778334, ""alpha[5]"": 0.36445790254091415, ""beta[1]"": 0.1139287301619088, ""beta[2]"": 1.0, ""beta[3]"": 1.0, ""beta[4]"": 0.6645982926954097, ""beta[5]"": 1.0}",,"LB_p=0.0426; LB2_p=0.9745; ARCHLM_p=0.9757; pass=LB_sq,ARCHLM"
r_ai,"(5,5)",t,True,-2275.4396787214637,4578.879357442927,4650.128761613312,0.9246908072833302,AR(1),"{""Const"": 0.10387006727665918, ""r_ai[1]"": 0.0022085296867870104, ""omega"": 0.25249460685188513, ""alpha[1]"": 0.047008970252296, ""alpha[2]"": 0.1420615072672821, ""alpha[3]"": 0.06409944098542622, ""alpha[4]"": 0.03783563750265468, ""alpha[5]"": 0.0587558050405403, ""beta[1]"": 0.0, ""beta[2]"": 0.0, ""beta[3]"": 0.16004677720122082, ""beta[4]"": 0.41488266903391, ""beta[5]"": 0.0, ""nu"": 12.64213964610375}","{""Const"": 0.01798386962568568, ""r_ai[1]"": 0.9402626117968703, ""omega"": 0.19520134499583452, ""alpha[1]"": 0.14271828136179845, ""alpha[2]"": 0.047785378501421984, ""alpha[3]"": 0.5934410135898773, ""alpha[4]"": 0.5130292141161218, ""alpha[5]"": 0.40465185954526706, ""beta[1]"": 1.0, ""beta[2]"": 1.0, ""beta[3]"": 0.7345955930660281, ""beta[4]"": 0.4933701878164699, ""beta[5]"": 1.0, ""nu"": 0.001962599212877522}",,"LB_p=0.0142; LB2_p=0.9710; ARCHLM_p=0.9726; pass=LB_sq,ARCHLM"
r_electricity,"(5,5)",t,True,-1894.7760292687512,3817.5520585375025,3888.801462707888,0.7620059446977199,AR(1),"{""Const"": 0.0816947365008001, ""r_el...ity[1]"": -0.02602496725890562, ""omega"": 0.37797975044697074, ""alpha[1]"": 0.13999004851853328, ""alpha[2]"": 0.14892297632994916, ""alpha[3]"": 0.06906389309815525, ""alpha[4]"": 6.975290280769993e-14, ""alpha[5]"": 0.03582646610532975, ""beta[1]"": 0.0, ""beta[2]"": 0.0, ""beta[3]"": 0.0, ""beta[4]"": 0.0, ""beta[5]"": 0.3682025606456827, ""nu"": 7.615022178128206}","{""Const"": 0.010947426583318869, ""r_el...ity[1]"": 0.4719954560031352, ""omega"": 0.18023975501247003, ""alpha[1]"": 0.03166191396290908, ""alpha[2]"": 0.6393097737453048, ""alpha[3]"": 0.7809944555782872, ""alpha[4]"": 0.9999999999995269, ""alpha[5]"": 0.909932343534876, ""beta[1]"": 1.0, ""beta[2]"": 1.0, ""beta[3]"": 1.0, ""beta[4]"": 1.0, ""beta[5]"": 0.717949185153451, ""nu"": 3.8250716921993e-06}",,"LB_p=0.1721; LB2_p=0.9688; ARCHLM_p=0.9679; pass=LB,LB_sq,ARCHLM"
r_coal,"(5,5)",t,True,-3063.7670666467643,6155.534133293529,6226.7835374639135,0.9848438653965661,AR(1),"{""Const"": 0.10062944960250597, ""r_coal[1]"": 0.03747649504286021, ""omega"": 0.1630311827984511, ""alpha[1]"": 0.043876959224465675, ""alpha[2]"": 0.028977053689052783, ""alpha[3]"": 0.061391512670717914, ""alpha[4]"": 0.0, ""alpha[5]"": 2.908072417557585e-14, ""beta[1]"": 1.0632768139032822e-15, ""beta[2]"": 0.08012966072262706, ""beta[3]"": 0.0, ""beta[4]"": 3.9654259343585884e-15, ""beta[5]"": 0.7704686790896685, ""nu"": 6.0854510295014475}","{""Const"": 0.21201851039838893, ""r_coal[1]"": 0.20916722452004644, ""omega"": 0.4165508472945465, ""alpha[1]"": 0.5156519795747121, ""alpha[2]"": 0.4186027552517585, ""alpha[3]"": 0.408355475968293, ""alpha[4]"": 1.0, ""alpha[5]"": 0.9999999999994845, ""beta[1]"": 0.9999999999999982, ""beta[2]"": 0.8193592648937384, ""beta[3]"": 1.0, ""beta[4]"": 0.999999999999992, ""beta[5]"": 5.486952365429607e-09, ""nu"": 6.849437209081178e-09}",,"LB_p=0.3194; LB2_p=0.1918; ARCHLM_p=0.2484; pass=LB,LB_sq,ARCHLM"
r_gas,"(5,5)",t,True,-3838.2122143842334,7704.424428768467,7775.673832938852,0.873724721483362,AR(1),"{""Const"": 0.12529307048289068, ""r_gas[1]"": 0.0038659517344254257, ""omega"": 15.7751317765801, ""alpha[1]"": 0.2104973124189045, ""alpha[2]"": 0.18238578649381557, ""alpha[3]"": 0.2739970558254889, ""alpha[4]"": 0.1279010886674487, ""alpha[5]"": 7.212640845238051e-13, ""beta[1]"": 0.0, ""beta[2]"": 0.0, ""beta[3]"": 0.07894347807629529, ""beta[4]"": 0.0, ""beta[5]"": 6.877701599889472e-13, ""nu"": 3.6098754010607617}","{""Const"": 0.3546265455787331, ""r_gas[1]"": 0.8959054364986452, ""omega"": 0.05151812035974976, ""alpha[1]"": 0.011022756456325736, ""alpha[2]"": 0.09002253628053371, ""alpha[3]"": 0.03943718754934866, ""alpha[4]"": 0.462905858349939, ""alpha[5]"": 0.9999999999944154, ""beta[1]"": 1.0, ""beta[2]"": 1.0, ""beta[3]"": 0.3719575252652775, ""beta[4]"": 1.0, ""beta[5]"": 0.9999999999868368, ""nu"": 5.731417548326018e-14}",,"LB_p=0.5193; LB2_p=0.9994; ARCHLM_p=0.9995; pass=LB,LB_sq,ARCHLM"
r_wti,"(5,5)",t,True,-2736.6402683739325,5501.280536747865,5572.52994091825,0.8952351086371988,AR(1),"{""Const"": 0.17273525919219412, ""r_wti[1]"": 0.014120259891776534, ""omega"": 0.7267938347378913, ""alpha[1]"": 0.12270443583217365, ""alpha[2]"": 0.05595366872247437, ""alpha[3]"": 0.10924139927568705, ""alpha[4]"": 0.00138776406986884, ""alpha[5]"": 0.07670371336042271, ""beta[1]"": 0.18821233818419486, ""beta[2]"": 0.0, ""beta[3]"": 0.0583711014437786, ""beta[4]"": 0.2826606877485988, ""beta[5]"": 0.0, ""nu"": 7.982119145605652}","{""Const"": 0.005097360157512367, ""r_wti[1]"": 0.629030812653963, ""omega"": 0.670711543660488, ""alpha[1]"": 0.014330548355034587, ""alpha[2]"": 0.8277152243648274, ""alpha[3]"": 0.6326280567030114, ""alpha[4]"": 0.9961373555575955, ""alpha[5]"": 0.49985693400119413, ""beta[1]"": 0.9177463968145592, ""beta[2]"": 1.0, ""beta[3]"": 0.6859503743528851, ""beta[4]"": 0.5916390068427526, ""beta[5]"": 1.0, ""nu"": 6.208602807998402e-06}",,LB_p=0.9183; LB2_p=0.0037; ARCHLM_p=0.0092; pass=LB
r_gold,"(5,5)",t,True,-1601.6249624782106,3231.249924956421,3302.4993291268065,0.8468300141684,AR(1),"{""Const"": 0.0675842870320815, ""r_gold[1]"": -0.015218864853628994, ""omega"": 0.14946174266244022, ""alpha[1]"": 0.010895866487888147, ""alpha[2]"": 0.0803775883093079, ""alpha[3]"": 0.009895360350430692, ""alpha[4]"": 0.024316904019139125, ""alpha[5]"": 0.026128740168497425, ""beta[1]"": 0.2191927018018177, ""beta[2]"": 0.0, ""beta[3]"": 0.0, ""beta[4]"": 0.47602285303131897, ""beta[5]"": 0.0, ""nu"": 5.352780847547061}","{""Const"": 0.006013665637599978, ""r_gold[1]"": 0.593618949780266, ""omega"": 0.4261792175096889, ""alpha[1]"": 0.8097184235446522, ""alpha[2]"": 0.13719745872363825, ""alpha[3]"": 0.9189011974726083, ""alpha[4]"": 0.5430714930260919, ""alpha[5]"": 0.6026439134310719, ""beta[1]"": 0.8655866382224154, ""beta[2]"": 1.0, ""beta[3]"": 1.0, ""beta[4]"": 0.13908932944555902, ""beta[5]"": 1.0, ""nu"": 3.6653968674047683e-10}",,"LB_p=0.0333; LB2_p=0.9772; ARCHLM_p=0.9794; pass=LB_sq,ARCHLM"
r_ai,"(6,6)",normal,True,-2282.9041635179583,4595.808327035917,4672.14697436133,0.915021779386253,AR(1),"{""Const"": 0.0748226370238791, ""r_ai[1]"": 0.0013784218404935173, ""omega"": 0.2747086719175079, ""alpha[1]"": 0.04589419997148779, ""alpha[2]"": 0.13019443911959572, ""alpha[3]"": 0.058345881381374594, ""alpha[4]"": 0.02413065595176833, ""alpha[5]"": 0.0, ""alpha[6]"": 0.0774028587831064, ""beta[1]"": 0.0, ""beta[2]"": 0.0, ""beta[3]"": 0.3824396261290187, ""beta[4]"": 0.19661411804990134, ""beta[5]"": 0.0, ""beta[6]"": 0.0}","{""Const"": 0.24206239983650035, ""r_ai[1]"": 0.9639687678682404, ""omega"": 0.8012545690339454, ""alpha[1]"": 0.20773280328611332, ""alpha[2]"": 0.061488926126808285, ""alpha[3]"": 0.7033017491202833, ""alpha[4]"": 0.9637751240182895, ""alpha[5]"": 1.0, ""alpha[6]"": 0.8584305166898119, ""beta[1]"": 1.0, ""beta[2]"": 1.0, ""beta[3]"": 0.5070612957628258, ""beta[4]"": 0.6712520121080732, ""beta[5]"": 1.0, ""beta[6]"": 1.0}",,"LB_p=0.0114; LB2_p=0.9722; ARCHLM_p=0.9719; pass=LB_sq,ARCHLM"
r_electricity,"(6,6)",normal,True,-1909.3101463554817,3848.6202927109634,3924.958940036376,0.629008514850803,AR(1),"{""Const"": 0.06578540414770104, ""r_el...ity[1]"": -0.02961539958291845, ""omega"": 0.5623575250201573, ""alpha[1]"": 0.08783698680395205, ""alpha[2]"": 0.15917425587090292, ""alpha[3]"": 0.09938997130044376, ""alpha[4]"": 5.772103570347433e-14, ""alpha[5]"": 0.026405782276077053, ""alpha[6]"": 0.09402133533730866, ""beta[1]"": 4.9870738869553646e-15, ""beta[2]"": 0.0, ""beta[3]"": 0.0, ""beta[4]"": 1.1345553691665891e-13, ""beta[5]"": 0.0, ""beta[6]"": 0.1621801832619424}","{""Const"": 0.07045002036661553, ""r_el...ity[1]"": 0.3880801545281164, ""omega"": 0.4353278357984858, ""alpha[1]"": 0.02927694263392269, ""alpha[2]"": 0.2853379137055937, ""alpha[3]"": 0.6856079519127554, ""alpha[4]"": 0.9999999999997826, ""alpha[5]"": 0.9170842135770808, ""alpha[6]"": 0.6770550041399916, ""beta[1]"": 0.9999999999999967, ""beta[2]"": 1.0, ""beta[3]"": 1.0, ""beta[4]"": 0.9999999999999066, ""beta[5]"": 1.0, ""beta[6]"": 0.7035312058656757}",,"LB_p=0.1050; LB2_p=0.9982; ARCHLM_p=0.9985; pass=LB,LB_sq,ARCHLM"
r_coal,"(6,6)",normal,True,-3093.718154392824,6217.436308785648,6293.774956111061,0.9586712256300575,AR(1),"{""Const"": 0.0798564963737184, ""r_coal[1]"": 0.057129900165435905, ""omega"": 0.47017151118244077, ""alpha[1]"": 0.04647917164983908, ""alpha[2]"": 0.08118880363230453, ""alpha[3]"": 0.05245145796427011, ""alpha[4]"": 0.0413578526273348, ""alpha[5]"": 3.2627147984437e-11, ""alpha[6]"": 0.007276623353565424, ""beta[1]"": 0.0, ""beta[2]"": 0.0, ""beta[3]"": 0.0, ""beta[4]"": 0.0, ""beta[5]"": 0.02455295511457614, ""beta[6]"": 0.7053643612555403}","{""Const"": 0.5617137925014497, ""r_coal[1]"": 0.07674565906957578, ""omega"": 0.5626812978291524, ""alpha[1]"": 0.7421588137078392, ""alpha[2]"": 0.3049811256655075, ""alpha[3]"": 0.8977515759801808, ""alpha[4]"": 0.821320566040988, ""alpha[5]"": 0.999999999407882, ""alpha[6]"": 0.9638096696032113, ""beta[1]"": 1.0, ""beta[2]"": 1.0, ""beta[3]"": 1.0, ""beta[4]"": 1.0, ""beta[5]"": 0.9865896524444029, ""beta[6]"": 0.7263351089941072}",,"LB_p=0.4852; LB2_p=0.9271; ARCHLM_p=0.9368; pass=LB,LB_sq,ARCHLM"
r_gas,"(6,6)",normal,True,-3966.9805695206387,7963.961139041277,8040.299786366691,1.000000071145957,AR(1),"{""Const"": 0.263082115005146, ""r_gas[1]"": 0.01900751374759117, ""omega"": 12.329061440481176, ""alpha[1]"": 0.15713027687400766, ""alpha[2]"": 0.10915211146755337, ""alpha[3]"": 0.4556674606327698, ""alpha[4]"": 0.16670424143596632, ""alpha[5]"": 4.878715576073233e-10, ""alpha[6]"": 0.11134595836213915, ""beta[1]"": 2.323977122266241e-09, ""beta[2]"": 1.7369499998750114e-09, ""beta[3]"": 3.514325782528781e-09, ""beta[4]"": 3.0053513863348326e-09, ""beta[5]"": 3.8632115621624775e-09, ""beta[6]"": 7.441833106818342e-09}","{""Const"": 0.09626812162167381, ""r_gas[1]"": 0.6500995942889374, ""omega"": 0.007628230393123008, ""alpha[1]"": 0.08317887811392723, ""alpha[2]"": 0.13286197454518167, ""alpha[3]"": 0.04042213792324416, ""alpha[4]"": 0.45411908286310265, ""alpha[5]"": 0.9999999960998817, ""alpha[6]"": 0.1616930660737239, ""beta[1]"": 0.9999999952729128, ""beta[2]"": 0.9999999911672012, ""beta[3]"": 0.9999999753540328, ""beta[4]"": 0.9999999819587098, ""beta[5]"": 0.999999936563464, ""beta[6]"": 0.9999998064631277}",,"LB_p=0.3746; LB2_p=0.9997; ARCHLM_p=0.9997; pass=LB,LB_sq,ARCHLM"
r_wti,"(6,6)",normal,True,-2755.56912070444,5541.13824140888,5617.476888734293,0.9249655609379845,AR(1),"{""Const"": 0.12878602073627732, ""r_wti[1]"": 0.009951577969486508, ""omega"": 0.6673515319773939, ""alpha[1]"": 0.1727010529757965, ""alpha[2]"": 0.06373160728362538, ""alpha[3]"": 0.1053971282264971, ""alpha[4]"": 0.01760640433293428, ""alpha[5]"": 0.04817811287305456, ""alpha[6]"": 0.07479573152359176, ""beta[1]"": 0.0, ""beta[2]"": 0.0, ""beta[3]"": 0.09520466052402991, ""beta[4]"": 0.3473508631984551, ""beta[5]"": 0.0, ""beta[6]"": 0.0}","{""Const"": 0.03347106649625731, ""r_wti[1]"": 0.756372686850744, ""omega"": 0.4401178116905262, ""alpha[1]"": 0.014782349358777855, ""alpha[2]"": 0.7672417286925174, ""alpha[3]"": 0.30132872724791804, ""alpha[4]"": 0.9419247592137125, ""alpha[5]"": 0.6834411699364151, ""alpha[6]"": 0.7660804196845726, ""beta[1]"": 1.0, ""beta[2]"": 1.0, ""beta[3]"": 0.8846396521483642, ""beta[4]"": 0.291513102800548, ""beta[5]"": 1.0, ""beta[6]"": 1.0}",,"LB_p=0.9402; LB2_p=0.1829; ARCHLM_p=0.2352; pass=LB,LB_sq,ARCHLM"
r_gold,"(6,6)",normal,True,-1631.2842333185417,3292.5684666370835,3368.907113962496,0.6516020766675472,AR(1),"{""Const"": 0.031316986319978805, ""r_gold[1]"": -0.00015149715185262388, ""omega"": 0.33432971425078073, ""alpha[1]"": 0.019239653305899856, ""alpha[2]"": 0.11603361065329257, ""alpha[3]"": 0.01331014665596187, ""alpha[4]"": 0.04255696822630069, ""alpha[5]"": 0.08809348496167478, ""alpha[6]"": 0.07376049660481451, ""beta[1]"": 0.0, ""beta[2]"": 8.666375038557787e-13, ""beta[3]"": 1.1007677662104106e-12, ""beta[4]"": 1.0807881844432048e-12, ""beta[5]"": 0.2986077162559206, ""beta[6]"": 6.341190927178075e-13}","{""Const"": 0.23742314734540237, ""r_gold[1]"": 0.995800579023679, ""omega"": 0.10997791793906257, ""alpha[1]"": 0.5463409046951665, ""alpha[2]"": 0.04980845528732514, ""alpha[3]"": 0.8962046765721746, ""alpha[4]"": 0.7291034439460469, ""alpha[5]"": 0.5603870991157166, ""alpha[6]"": 0.33403691832649784, ""beta[1]"": 1.0, ""beta[2]"": 0.9999999999994066, ""beta[3]"": 0.9999999999990542, ""beta[4]"": 0.9999999999981892, ""beta[5]"": 0.3447123963694201, ""beta[6]"": 0.9999999999976065}",,"LB_p=0.0442; LB2_p=0.9950; ARCHLM_p=0.9951; pass=LB_sq,ARCHLM"
r_ai,"(6,6)",t,True,-2274.87578826156,4581.75157652312,4663.179467003561,0.9161732768913442,AR(1),"{""Const"": 0.10477785572541536, ""r_ai[1]"": 0.0019205331410279561, ""omega"": 0.2807556550524514, ""alpha[1]"": 0.04509976648620761, ""alpha[2]"": 0.12370656350291974, ""alpha[3]"": 0.07072955943081762, ""alpha[4]"": 0.03724039762205816, ""alpha[5]"": 0.02295001967196064, ""alpha[6]"": 0.07103418937841004, ""beta[1]"": 0.0, ""beta[2]"": 0.0, ""beta[3]"": 0.37608177961413525, ""beta[4]"": 0.16933100118483513, ""beta[5]"": 0.0, ""beta[6]"": 0.0, ""nu"": 13.110863331387058}","{""Const"": 0.6182744369867388, ""r_ai[1]"": 0.9834809099158817, ""omega"": 0.9659201873079752, ""alpha[1]"": 0.6077966457823388, ""alpha[2]"": 0.9096955974059329, ""alpha[3]"": 0.7748295505027761, ""alpha[4]"": 0.9922354477476859, ""alpha[5]"": 0.9922303077013582, ""alpha[6]"": 0.9847090590815624, ""beta[1]"": 1.0, ""beta[2]"": 1.0, ""beta[3]"": 0.6449229051864721, ""beta[4]"": 0.9843065982016155, ""beta[5]"": 1.0, ""beta[6]"": 1.0, ""nu"": 0.24693879819388853}",,"LB_p=0.0144; LB2_p=0.9925; ARCHLM_p=0.9925; pass=LB_sq,ARCHLM"
r_electricity,"(6,6)",t,True,-1893.3902497560684,3818.780499512137,3900.208389992577,0.6980412081063668,AR(1),"{""Const"": 0.0782092937692624, ""r_el...ity[1]"": -0.025568008996561684, ""omega"": 0.4736774720266318, ""alpha[1]"": 0.1180448844676486, ""alpha[2]"": 0.1366389292307406, ""alpha[3]"": 0.06781598303575037, ""alpha[4]"": 2.359811370366027e-13, ""alpha[5]"": 0.054540145955318156, ""alpha[6]"": 0.101101695174685, ""beta[1]"": 0.0, ""beta[2]"": 0.0, ""beta[3]"": 0.0, ""beta[4]"": 0.0, ""beta[5]"": 0.0, ""beta[6]"": 0.2198995702419881, ""nu"": 7.708142979452871}","{""Const"": 0.018026932809757028, ""r_el...ity[1]"": 0.4341159990825614, ""omega"": 0.11344157004169045, ""alpha[1]"": 0.006226093751368786, ""alpha[2]"": 0.163557027883664, ""alpha[3]"": 0.6093710967989098, ""alpha[4]"": 0.9999999999980063, ""alpha[5]"": 0.5015992908433857, ""alpha[6]"": 0.22220534462543218, ""beta[1]"": 1.0, ""beta[2]"": 1.0, ""beta[3]"": 1.0, ""beta[4]"": 1.0, ""beta[5]"": 1.0, ""beta[6]"": 0.307474859095047, ""nu"": 1.707982444198562e-07}",,"LB_p=0.1290; LB2_p=0.9475; ARCHLM_p=0.9449; pass=LB,LB_sq,ARCHLM"
r_coal,"(6,6)",t,True,-3063.7670666618887,6159.5341333237775,6240.962023804218,0.9848388959479166,AR(1),"{""Const"": 0.10063223765635942, ""r_coal[1]"": 0.037483026538397024, ""omega"": 0.1630089669712953, ""alpha[1]"": 0.04387010923448572, ""alpha[2]"": 0.0289748280054871, ""alpha[3]"": 0.06137075921075135, ""alpha[4]"": 5.154869338748651e-11, ""alpha[5]"": 2.1371498268168166e-11, ""alpha[6]"": 6.191372628881698e-11, ""beta[1]"": 0.0, ""beta[2]"": 0.08010025840227246, ""beta[3]"": 1.1416873176724268e-10, ""beta[4]"": 0.0, ""beta[5]"": 0.7705229402745141, ""beta[6]"": 5.714032764530645e-10, ""nu"": 6.085851631948104}","{""Const"": 0.20911164927138637, ""r_coal[1]"": 0.2106980418738964, ""omega"": 0.5997721501921449, ""alpha[1]"": 0.26270784829558746, ""alpha[2]"": 0.7557540856159783, ""alpha[3]"": 0.4603225006684136, ""alpha[4]"": 0.9999999995894033, ""alpha[5]"": 0.9999999996679646, ""alpha[6]"": 0.999999999050144, ""beta[1]"": 1.0, ""beta[2]"": 0.7957300665605775, ""beta[3]"": 0.9999999997567739, ""beta[4]"": 1.0, ""beta[5]"": 1.5373556238554159e-15, ""beta[6]"": 0.9999999996823727, ""nu"": 1.2189128883567308e-08}",,"LB_p=0.3194; LB2_p=0.1915; ARCHLM_p=0.2482; pass=LB,LB_sq,ARCHLM"
r_gas,"(6,6)",t,True,-3834.7668579327856,7701.533715865571,7782.961606346012,0.9114716276996897,AR(1),"{""Const"": 0.1426765873335314, ""r_gas[1]"": 0.011741594540413259, ""omega"": 14.775467086122852, ""alpha[1]"": 0.21285944962562975, ""alpha[2]"": 0.1725313438247018, ""alpha[3]"": 0.22369230589037936, ""alpha[4]"": 0.13169378792675032, ""alpha[5]"": 0.0, ""alpha[6]"": 0.14361146702989075, ""beta[1]"": 0.0, ""beta[2]"": 0.027083273402337675, ""beta[3]"": 0.0, ""beta[4]"": 0.0, ""beta[5]"": 0.0, ""beta[6]"": 0.0, ""nu"": 3.668274113906467}","{""Const"": 0.29068529946111266, ""r_gas[1]"": 0.6989715477659251, ""omega"": 0.00048504966626259624, ""alpha[1]"": 0.014787994270080247, ""alpha[2]"": 0.022172674723407636, ""alpha[3]"": 0.02930083724871068, ""alpha[4]"": 0.3595644187525048, ""alpha[5]"": 1.0, ""alpha[6]"": 0.059857022783439434, ""beta[1]"": 1.0, ""beta[2]"": 0.8970879796347048, ""beta[3]"": 1.0, ""beta[4]"": 1.0, ""beta[5]"": 1.0, ""beta[6]"": 1.0, ""nu"": 1.716934561598444e-13}",,"LB_p=0.4968; LB2_p=0.9992; ARCHLM_p=0.9993; pass=LB,LB_sq,ARCHLM"
r_wti,"(6,6)",t,True,-2736.3440727409566,5504.688145481913,5586.116035962354,0.875147182261818,AR(1),"{""Const"": 0.17610993262051067, ""r_wti[1]"": 0.012805737026093434, ""omega"": 0.8598164321449132, ""alpha[1]"": 0.12251810873285272, ""alpha[2]"": 0.07756458911438258, ""alpha[3]"": 0.11717251868369628, ""alpha[4]"": 0.016658882275611745, ""alpha[5]"": 0.06007890996603651, ""alpha[6]"": 0.04057331230941529, ""beta[1]"": 0.0, ""beta[2]"": 0.0, ""beta[3]"": 0.09325287747167732, ""beta[4]"": 0.34732798370814555, ""beta[5]"": 0.0, ""beta[6]"": 0.0, ""nu"": 8.036147521913826}","{""Const"": 0.004229727618738084, ""r_wti[1]"": 0.6623698829205497, ""omega"": 0.5389934071673769, ""alpha[1]"": 0.00903866877160817, ""alpha[2]"": 0.48231465416855657, ""alpha[3]"": 0.508545365065266, ""alpha[4]"": 0.946383801045072, ""alpha[5]"": 0.6973546373054533, ""alpha[6]"": 0.48150281622512625, ""beta[1]"": 1.0, ""beta[2]"": 1.0, ""beta[3]"": 0.7971126680302901, ""beta[4]"": 0.09855901368871754, ""beta[5]"": 1.0, ""beta[6]"": 1.0, ""nu"": 6.005747941316062e-06}",,LB_p=0.9198; LB2_p=0.0049; ARCHLM_p=0.0120; pass=LB
r_gold,"(6,6)",t,True,-1599.2178752761731,3230.4357505523462,3311.8636410327863,0.7240855873571037,AR(1),"{""Const"": 0.07061689532263196, ""r_gold[1]"": -0.01596080626868519, ""omega"": 0.26924080946567513, ""alpha[1]"": 0.005774714113492147, ""alpha[2]"": 0.04876226348549983, ""alpha[3]"": 0.0036975456797929745, ""alpha[4]"": 0.05069782271876313, ""alpha[5]"": 0.035083699377186285, ""alpha[6]"": 0.10655688843936083, ""beta[1]"": 0.07275773871492662, ""beta[2]"": 1.3115835350813273e-12, ""beta[3]"": 1.4203308132684275e-12, ""beta[4]"": 1.1478227494648756e-12, ""beta[5]"": 0.23809757336989487, ""beta[6]"": 0.16265734145430727, ""nu"": 5.360016146053462}","{""Const"": 0.0046581295760743146, ""r_gold[1]"": 0.5673830129497233, ""omega"": 0.05975525473453815, ""alpha[1]"": 0.8853047024162515, ""alpha[2]"": 0.24383523853772437, ""alpha[3]"": 0.9160761819977383, ""alpha[4]"": 0.3745156614290015, ""alpha[5]"": 0.5516227964774458, ""alpha[6]"": 0.006267203097364035, ""beta[1]"": 0.7779011891667815, ""beta[2]"": 0.9999999999966263, ""beta[3]"": 0.9999999999976176, ""beta[4]"": 0.9999999999973139, ""beta[5]"": 0.5271035853997785, ""beta[6]"": 0.39275064002570925, ""nu"": 1.2070306808301881e-10}",,"LB_p=0.0417; LB2_p=0.9758; ARCHLM_p=0.9770; pass=LB_sq,ARCHLM"
