date,short_term_TCI,medium_term_TCI,long_term_TCI
2020-01-06,54.42987317595483,59.347200106318724,59.903028137124956
2020-01-07,54.5809555712264,57.92581851361476,64.2042278472826
2020-01-08,73.70141669298009,71.87151119979075,63.57126853906524
2020-01-09,72.64574169050584,72.62566728192303,61.3618323714836
2020-01-10,72.32274668963856,71.8016125324972,64.30941436387714
2020-01-13,77.15707277881498,71.73978671504605,63.02209657299965
2020-01-14,76.48868296570542,72.23443071733546,59.729237680828184
2020-01-15,71.90381732468478,63.010258482783485,62.627735118462226
2020-01-16,71.48823842148394,62.753552370364766,63.538446408992186
2020-01-17,71.34726838950284,61.53081861098494,62.05745048987578
2020-01-22,71.63655807225341,61.05586548156447,61.79055125416099
2020-01-23,70.03884180320196,66.19309781294356,66.76223351701749
2020-01-24,66.53669324936253,65.38018062089296,64.6680455490788
2020-01-27,54.00065894670551,60.86786850368454,61.21531095553724
2020-01-28,59.39865100403888,63.24827915525889,64.3245615882206
2020-01-29,59.499335579895096,63.49070653764812,63.03145030002864
2020-01-30,58.86621667843303,63.627111079113575,63.137012927000754
2020-01-31,63.11813481116587,64.70511255942871,64.20320489889956
2020-02-03,63.92106629187598,66.17878286455297,66.40988466151977
2020-02-04,62.10485539021487,66.30005895200026,65.51539357365826
2020-02-05,61.682144959946505,63.488203502038196,60.63247172878262
2020-02-06,56.07967304542161,57.88916412801552,52.82280775161342
2020-02-07,56.72199143147885,58.498832781543356,54.144479208189054
2020-02-10,55.73775809596082,59.1400163670136,55.4592562731945
2020-02-11,55.341878857494905,58.38138957638649,54.76556717875985
2020-02-12,53.839771354047194,58.87454958033237,56.28830653207814
2020-02-13,53.48718979072068,60.196342642508185,57.32883947765603
2020-02-14,52.182238961274585,63.52950909367466,63.80619659810779
2020-02-19,51.06405449896457,60.61072190294933,60.4374033232015
2020-02-20,50.740259761498244,59.54090277677868,59.219538022530585
2020-02-21,50.85508807965119,60.49740700306751,59.30831396624237
2020-02-24,45.509589544487625,63.292202657931284,63.94615490438925
2020-02-25,44.56237449094387,63.815950844465995,64.15832870017682
2020-02-26,38.324020849897146,54.30402026765727,59.486407210617365
2020-02-27,37.49986284253031,60.438877142385536,73.41979251210317
2020-02-28,41.62239373402952,65.31433512660296,68.24437882551594
2020-03-02,51.18904513598977,60.946381891129164,62.627164278813105
2020-03-03,48.80283008829056,58.23316476994417,59.86104515480209
2020-03-04,47.843671735468085,58.20403742521799,62.88403895936965
2020-03-05,50.21280327804637,57.16386694237047,60.15867657628328
2020-03-06,51.657984988227504,60.12934600698572,64.06817731853654
2020-03-09,83.33333333333334,83.33333333333334,83.33333333333334
2020-03-10,70.4468279750754,69.77299056751318,67.68079830229259
2020-03-11,64.46293102226014,63.34139147401493,59.54764179370512
2020-03-12,65.43816926681015,66.1452740031101,71.44297510878707
2020-03-13,66.86852744917661,65.67889658748038,63.9561538941582
2020-03-16,65.81055176702137,62.63257393246997,60.95468938188341
2020-03-17,61.694222092137764,60.05993585083343,59.218713536712606
2020-03-18,59.02415208295088,59.1458169864041,58.22377287469504
2020-03-19,56.25476726735944,56.096887629360914,54.8290507763631
2020-03-20,56.21489790050417,54.30581660688115,52.44755820406124
2020-03-23,51.781426331860445,49.97667667935903,47.517723402965615
2020-03-24,50.64868241536291,49.50234818047185,46.37278530683411
2020-03-25,49.30325269534006,48.93149130513212,46.624778396877616
2020-03-26,47.02618269999948,46.627107440551704,44.305074982343875
2020-03-27,46.873030361076,46.34898089557022,44.065302473496786
2020-03-30,46.37660601578133,45.79721765651483,43.41471494930959
2020-03-31,45.57971160442612,45.09306962947016,42.83399956564329
2020-04-01,45.38775102284009,44.10639682368448,41.77280970517799
2020-04-02,43.780413707578674,42.36851975053619,39.908941215391835
2020-04-03,43.09828743896192,40.84550396746046,38.36180684533703
2020-04-06,43.81067309373852,42.102857875065894,39.704113134349626
2020-04-07,42.054793191234836,41.233625788807764,39.31672745879416
2020-04-08,42.307721852488875,41.30049358880476,39.242086469401436
2020-04-09,41.74251726685367,40.4133616610437,37.90961497827078
2020-04-14,40.939745270715306,39.2103815563414,36.914554456105634
2020-04-15,41.27041475910161,39.34203525753515,36.94640878819557
2020-04-16,40.923433679366624,39.243770082344135,36.69135822907979
2020-04-17,40.66849625421127,38.77253660678876,36.1101406327688
2020-04-22,41.956595851781884,40.790201017175136,38.1749468452171
2020-04-23,40.84307397439768,39.38435802179171,37.00938839539785
2020-04-24,40.47631264105351,38.833479596890555,36.10581649840255
2020-04-27,38.92908069748547,37.40764731670409,34.75885281517623
2020-04-28,38.97473032275734,37.1632621940404,34.148531001979606
2020-04-29,38.763058129161806,37.487726143025135,34.97253541770133
2020-04-30,37.964523224637674,36.20994290383137,33.48723808909074
2020-05-01,37.05275273742391,35.22615781592138,32.65636087355712
2020-05-04,37.39076770314567,35.215366395877915,32.74749613734072
2020-05-05,36.44317949247302,35.066949672818296,32.90703589831508
2020-05-06,36.06127503098902,34.26471490919678,32.14920389053857
2020-05-07,35.79134876633134,33.94370388901109,31.8055938317423
2020-05-08,34.33382197306737,31.980722625410067,30.164965342433884
2020-05-11,34.00472518820155,31.88106137272993,30.305856204488794
2020-05-12,33.73698948747034,31.89058039736877,30.515135828990942
2020-05-13,33.57577998051958,31.818815065234467,30.47760043675778
2020-05-14,33.92947531240261,31.981780513911072,30.636921715328253
2020-05-15,33.8436788822583,32.27132632388286,31.256122361045236
2020-05-18,34.54754859524784,33.40069476427098,32.51131005199081
2020-05-19,34.12489136955976,33.73039116054853,33.32857397024439
2020-05-20,34.08090128035877,33.72915027028493,33.36845280968904
2020-05-21,34.00858055916857,33.56400529170003,33.164944759371714
2020-05-22,33.885083704170185,33.36293424556669,33.00937395206208
2020-05-27,33.799819564989946,33.23070368996895,32.87225921670597
2020-05-28,33.854705512903244,33.12739365549993,32.65401897245272
2020-05-29,33.656001676139184,32.83773122554475,32.30951060730712
2020-06-01,33.42196945810243,32.35387376814413,31.773138597174217
2020-06-02,33.448807124864835,32.2224270588076,31.623504312525018
2020-06-03,33.826983093581326,32.9305336543322,32.245053005583586
2020-06-04,33.689275935749876,32.253867708976436,31.479534959265294
2020-06-05,34.7762476466763,32.7359605423232,31.866354348265535
2020-06-08,34.23516274591533,31.94728123398344,30.600686765050966
2020-06-09,33.60479428274659,31.581042498094796,30.389438366480608
2020-06-10,33.276956731780025,31.117746452840873,29.80238999062052
2020-06-11,33.67067530176702,32.09131970751521,30.81591528498301
2020-06-12,33.224421857140605,31.94121078584414,30.528758599483623
2020-06-15,33.11724495840038,31.748447363041603,30.321797781031158
2020-06-16,32.597536648367736,30.872434190771063,29.408830290760662
2020-06-17,32.13853856738378,30.61748458641716,29.239354657511623
2020-06-18,31.9409126282167,30.4191502163347,29.003762889242797
2020-06-19,31.60361474048617,30.09157702290511,28.657413602874172
2020-06-22,31.487089691407082,30.039415793244412,28.689692150042656
2020-06-23,31.4718963640655,29.954549193809143,28.68749494062548
2020-06-24,31.400392339440874,30.010981306251523,28.818571156787105
2020-06-25,31.13709785770261,29.893764627576424,28.652719447503287
2020-06-26,31.468140500670483,30.215474139638477,29.033130178473694
2020-06-29,32.552667872510746,31.069508162142245,29.877244655376085
2020-06-30,32.08951074766685,31.058067591650968,30.001096359103553
2020-07-01,31.428562757822586,30.55540612155843,29.396443188203854
2020-07-02,31.318006494130085,30.344580372123957,29.12589287692054
2020-07-07,31.169565504093427,30.312726597436125,29.11037680495849
2020-07-08,31.24265588396869,30.420605787181337,29.208064893385178
2020-07-09,31.156758884047697,30.21208856748043,29.07312297497971
2020-07-10,30.906532702669136,29.998814674844564,28.922317010373998
2020-07-13,30.781700839777276,29.73783157580358,28.5341741447189
2020-07-14,31.075841899686946,29.899022524589135,28.665109119487052
2020-07-15,31.02085851702811,30.091038407560816,29.00067566733061
2020-07-16,30.619304227537242,29.79082586870995,28.66459905469929
2020-07-17,30.931525090564577,29.87755475523845,28.642522362293114
2020-07-20,30.23665380445582,29.29950032673871,28.355749073373044
2020-07-21,30.17388053344497,29.185591018049433,28.222802191419294
2020-07-22,29.939432219803564,29.31406696472588,28.387730480485324
2020-07-23,29.45676200911186,28.937662871805763,28.227082138832937
2020-07-24,29.057765350156178,27.96493012580527,27.025300843973948
2020-07-27,28.114198799058205,27.622093412950115,26.874561779490413
2020-07-28,27.923051014202972,27.672108444640646,26.72898582600089
2020-07-29,27.843919857098186,27.675361555100036,26.856303928463305
2020-07-30,27.877466017862524,27.55727068694122,26.716522567815286
2020-07-31,27.762101636836416,27.38069854248672,26.555803414174388
2020-08-03,27.652151720051126,27.41963404387632,26.70307518845841
2020-08-04,27.54508990529066,27.705288229540777,27.10603762331913
2020-08-05,27.369042695672913,27.878377583020868,27.47232146407829
2020-08-06,27.340978808751697,27.854021765719388,27.34799225721329
2020-08-07,26.758701848019044,27.66013363682866,27.25557213076632
2020-08-10,26.681739360261385,27.477093455178288,26.901250137744814
2020-08-11,27.33666941983776,27.099680875497857,26.281334508348703
2020-08-12,26.752306329150926,26.128754500720703,25.60665066373067
2020-08-13,26.645087387675083,26.405372811999623,25.939235415193966
2020-08-14,26.317659545392647,26.051885346804234,25.705146873427715
2020-08-17,26.200934972297674,26.35548748228996,26.160746518210743
2020-08-18,26.267763882179253,26.54109616542271,26.378829604774364
2020-08-19,26.38832083714386,26.352950660551418,26.08749365560927
2020-08-20,25.98214658361136,26.47933494013315,26.36989490007724
2020-08-21,25.86367837220812,26.37644855820127,26.297415380114092
2020-08-24,26.10896479982993,26.3418617316615,26.159843036383386
2020-08-25,25.819897518784234,26.296925106295387,26.21770318323095
2020-08-26,25.32389995217299,25.287108010555993,25.13957512698013
2020-08-27,25.22526150610169,25.31787611886041,25.191947365437667
2020-08-28,25.498179632708396,25.08814861380509,24.771382968522694
2020-08-31,24.914407287403172,24.310516609471737,23.942084326535394
2020-09-01,24.137368552497538,23.38118453328725,23.016742567540298
2020-09-02,23.219853141922975,23.02092717440373,22.790581866105768
2020-09-03,22.133629288338476,21.13385588889146,20.91650978368437
2020-09-04,22.33929129702603,21.902107592357588,21.864855913138566
2020-09-09,22.764861644661067,21.40571577882747,21.0887508176076
2020-09-10,22.680731919642465,20.88739623701321,20.545731089325304
2020-09-11,22.535680431302506,20.91376530893953,20.521962579035947
2020-09-14,23.11040624547721,21.53453658371599,20.986710306637267
2020-09-15,23.085824863516997,22.50775031209121,22.10597728978266
2020-09-16,22.6344450713571,22.315019597335155,21.994583178978846
2020-09-17,22.76320714903006,23.167521829125903,23.15869506487236
2020-09-18,22.7333803830733,23.202253147750184,23.326763520988823
2020-09-21,25.071821164908055,25.37559103380273,25.047640238648572
2020-09-22,25.16206675489478,24.657293146977423,24.15984265306755
2020-09-23,25.34014096089147,24.186704309779174,23.675396717287107
2020-09-24,25.541905021882044,23.994323038918083,23.55900561751874
2020-09-25,25.077355771085774,23.722921644200177,23.28836579560333
2020-09-28,25.22683860083938,24.002289758929464,23.48984527290445
2020-09-29,25.096923001575682,23.31307747828273,22.747113349827966
2020-09-30,24.66717948130659,22.67481550413929,22.094027063632485
2020-10-01,24.137012830835715,22.399200798847758,21.89643798639104
2020-10-02,23.711302631037853,22.25921181359957,21.92393572062339
2020-10-05,27.477005979208375,24.82810670393092,24.00948558190231
2020-10-06,26.67505500890431,24.208882390379085,23.44763584740294
2020-10-07,26.23279954643633,24.093958740015353,23.433344480461393
2020-10-08,25.207455961481845,23.43587230265549,22.88512600125987
2020-10-09,26.635772637589334,24.41812163114887,23.866333038035204
2020-10-12,25.392955212332186,23.44623230126838,23.078948795852583
2020-10-13,25.418395480015448,23.2051596868067,22.796247754492153
2020-10-14,25.437918096505673,23.23402793522727,22.800355096238725
2020-10-15,25.42643828402456,23.199478706613487,22.74988755183576
2020-10-16,25.351378473591048,23.106801990442783,22.659455676283415
2020-10-19,25.36588753367261,23.214449562275227,22.794159360287125
2020-10-20,25.21786592468566,22.57975327870382,22.080131288466628
2020-10-21,25.128964481978922,22.22848477039575,21.624785297733805
2020-10-22,25.280393362595227,22.229929364720054,21.592201230845507
2020-10-23,24.956131030202318,21.919719506494637,21.233252757704477
2020-10-26,24.87262889688574,21.73407865764264,20.943781733565693
2020-10-27,24.10133911511658,21.11185122033409,20.522580181283477
2020-10-28,28.65718119154729,25.19651729679633,24.200242747340695
2020-10-29,27.32632120491596,25.0335488044448,24.313296733123146
2020-10-30,26.15351859150779,24.795839073357946,24.320085342785738
2020-11-02,27.823545325296134,25.674349575772265,25.10606042171194
2020-11-03,27.85274430208154,27.046157626570107,26.788674218354103
2020-11-04,26.22439508627784,24.67458669891198,24.038324173802415
2020-11-05,27.90116406619377,26.569329168259603,26.00022542435087
2020-11-06,27.354058653769357,25.384028823343247,24.930217310408334
2020-11-09,25.538827764653593,23.52383945885679,23.12162368241233
2020-11-10,24.11771734644402,22.134480422782957,21.892632728991064
2020-11-11,24.118502432885915,22.027317192407477,21.666571388828636
2020-11-12,24.347561386403257,21.9447268681875,21.485889853230518
2020-11-13,24.342661915213608,21.83453870037688,21.391573387497353
2020-11-16,25.032714176381642,22.91510798946824,22.580575505344605
2020-11-17,24.90684416945076,22.486233414314498,22.136964309285837
2020-11-18,25.028474713345645,22.520844807926032,22.049455561278712
2020-11-19,24.83801804805109,21.877304191570357,21.249605181563545
2020-11-20,24.81021264227108,21.879793263473555,21.237794942696443
2020-11-23,24.373061446836385,21.57766071213701,20.81092719931767
2020-11-24,24.747126051891243,22.505256244795042,21.688975904664545
2020-11-25,24.33126569147924,22.342975965452673,21.552264312741823
2020-12-01,24.169350449374882,22.360488572015516,21.720185553234085
2020-12-02,24.090557866062763,22.365953367030766,21.881573409650386
2020-12-03,24.133191744575363,22.204598908357216,21.607792922399607
2020-12-04,24.09682091058429,21.843680957055465,21.11558465138904
2020-12-07,23.77039071036475,21.701865959388645,21.10382171623404
2020-12-08,23.681024101018522,21.651599019222605,21.098376835267395
2020-12-09,23.78738268842302,21.818641794448638,21.38511786181645
2020-12-10,22.49088216374499,20.540464462462047,20.059221228045566
2020-12-11,22.481820704471968,20.656023638866593,20.137495433295037
2020-12-14,22.008616186058713,20.350427181455675,19.805557724070876
2020-12-15,22.416618340885808,21.039449133254283,20.584850106418624
2020-12-16,22.14570803874095,20.833395363668004,20.420184298249154
2020-12-17,21.98633271293943,20.63390545253214,20.204831453396498
2020-12-18,21.754359550649692,20.249066343657763,19.762525000315314
2020-12-21,21.67221179302858,20.54081795482923,20.110086592917042
2020-12-22,21.23384675960722,20.118270453274157,19.765443893582628
2020-12-23,20.91127039339293,19.963068534155713,19.60738855978404
2020-12-24,20.357292270984907,19.369758438799888,18.94537831509178
2020-12-29,20.080570959516333,18.98107225513011,18.55023353433857
2020-12-30,20.669291723068692,19.412297176244145,19.029650235612134
2020-12-31,20.094724146057462,19.032872887981345,18.654643158700544
2021-01-05,20.819119967924095,20.29662213059646,20.16169355912123
2021-01-06,19.299399813529135,20.067858406401758,19.864513968702504
2021-01-07,14.01273166105273,16.81569493601043,17.09108794245661
2021-01-08,14.860726394782048,17.394695674349826,17.06217970610265
2021-01-11,14.340246096659806,16.673159484650412,16.431007475519795
2021-01-12,13.767798071850649,15.717618660378063,15.439763072171539
2021-01-13,13.666773917277078,15.497704873696366,15.213587427483514
2021-01-14,13.912044172138524,15.774220020988297,15.469925762334086
2021-01-15,14.414030459435608,15.576410411189151,15.247468167234823
2021-01-20,14.179305103055931,15.406838526327652,15.124889376340041
2021-01-21,14.220076588277308,15.353307332546137,15.075482143322965
2021-01-22,13.851415501223718,15.101384095731394,14.795815467615512
2021-01-25,13.479622814345996,14.949476164045116,14.72407740461217
2021-01-26,13.496336886468391,14.835680899280618,14.561616594188925
2021-01-27,12.528091814301213,13.43538987384104,13.132856936259133
2021-01-28,12.310907861564147,13.226311407753846,12.982573519969861
2021-01-29,13.385353735983005,14.970385433392124,14.79223210213457
2021-02-01,15.910698320896948,15.880380062592655,15.510432523979276
2021-02-02,16.519208407317258,17.649890624460653,17.395167041301793
2021-02-03,16.39288653972732,17.454785754462478,17.130494419850304
2021-02-04,15.833219105408569,16.631503923801535,16.35776841382183
2021-02-05,16.99623580244478,17.56304421888711,17.375895989017074
2021-02-08,16.92036728246293,17.21424429519357,17.148685501956372
2021-02-09,16.028139000443314,16.319582602480878,16.201374562977406
2021-02-10,15.652126734614194,15.900800367269058,15.769814421637326
2021-02-11,15.455413593476564,15.952996303959491,15.809103317056342
2021-02-12,15.019690457978449,14.378723989018628,14.157003955946593
2021-02-17,15.924628868147344,15.163422982303956,14.766404220296591
2021-02-18,20.56842093539193,18.32940810234807,17.66758414756149
2021-02-19,20.56463364416576,18.250717280349228,17.005134446227764
2021-02-22,18.378614358390347,19.870946516040004,20.19604335922708
2021-02-23,17.66151545273162,19.232587073752118,19.432645744084997
2021-02-24,17.25588121872542,18.904644369681147,19.088075898646707
2021-02-25,21.51785349294122,21.189557209348113,20.78555864106653
2021-02-26,20.967414194610377,22.836963373553253,22.947400124157024
2021-03-01,21.093705298646583,22.398795482816503,22.23393583737048
2021-03-02,18.556593199317916,20.20616316356019,20.220172591701267
2021-03-03,18.686079334280773,20.106824666524755,20.03176977712311
2021-03-04,18.09039326088703,19.457487659107567,19.43801139349565
2021-03-05,17.177437748160795,18.632530873729912,18.540820570287963
2021-03-08,17.04306696658162,17.301942195255528,16.99786189283752
2021-03-09,17.66305509333379,17.597175065487267,17.20783377968934
2021-03-10,17.62139708946079,17.86461914351203,17.549197482646797
2021-03-11,17.263908218005643,17.45606337753987,17.095543165027234
2021-03-12,17.22950463242364,17.56411661536337,17.26153331147483
2021-03-15,17.033280640104707,17.34120197392377,17.068108519833483
2021-03-16,17.448705799081853,17.64491693214362,17.3033778325563
2021-03-17,17.436602179966563,17.272039841465784,16.932376572614487
2021-03-18,19.617092462615222,18.77281014808732,18.22075809061853
2021-03-19,18.452961300102157,17.572302043080224,17.095200038268178
2021-03-22,18.177122199173557,17.355399736374558,16.92311861439928
2021-03-23,20.27282632696711,18.23712344450107,17.673377725303563
2021-03-24,17.293440052107183,15.56275107613015,15.20849589463581
2021-03-25,16.89397376159997,15.119094134846755,14.783088171682024
2021-03-26,17.60611535449746,16.05299406310495,15.76293342656683
2021-03-29,18.1764149684583,16.061022290521763,15.657389014660353
2021-03-30,18.018707061192337,16.507552748581958,16.25826360965999
2021-03-31,18.172184940688116,16.97748847363508,16.742053242645007
2021-04-01,17.90078879784134,16.53192166456687,16.153327899446452
2021-04-06,17.914160292979815,16.82161150421303,16.545328975618247
2021-04-07,17.800919668193945,16.667475062378543,16.37532545512951
2021-04-08,17.08632937432609,15.994322936238534,15.705009300858
2021-04-09,17.166403951193345,16.02131812074056,15.693972186378044
2021-04-12,17.120480245927748,16.0272071661289,15.710370108986105
2021-04-13,17.51431400817971,16.492435378961808,16.149183587367055
2021-04-14,16.886941403749447,16.35054243375807,16.137005147315822
2021-04-15,17.032014193609786,16.887980846477827,16.76127516589908
2021-04-16,16.9383256625581,16.6419025939405,16.479127120809256
2021-04-19,17.385448576368525,17.18494376271484,16.981677686921728
2021-04-20,17.105177751827963,16.53209321878808,16.30926259818675
2021-04-21,17.009343594735935,16.30965258483482,16.061351818442894
2021-04-22,17.07363962204238,16.121276345259325,15.84540504024671
2021-04-23,16.90034245176503,15.853464436311656,15.562825525916827
2021-04-26,16.687133101485475,15.567674949784937,15.303828157555483
2021-04-27,16.681631469675366,15.401722598410068,15.095426887816293
2021-04-28,16.52924600865213,15.165894527912215,14.844558283150402
2021-04-29,16.46684718514143,14.842226646535467,14.503940600259032
2021-04-30,17.139007216780897,15.42498993896772,15.053881939388813
2021-05-03,15.800959926592203,13.825566355343586,13.468732550236059
2021-05-04,16.14678216503735,13.850153894688003,13.303270981435267
2021-05-05,15.573836143793898,13.445807624213705,12.935477964047596
2021-05-06,15.01541224553761,13.00955267794194,12.42380879031541
2021-05-07,15.21408245274127,13.276616229633495,12.68653936406644
2021-05-10,13.967813582874939,12.129484907914028,11.677964555956162
2021-05-11,13.875609527007745,12.028449045815963,11.582457819467322
2021-05-12,15.774712324925483,14.59241314119604,14.113076729325785
2021-05-13,17.079826275834524,14.887583082926733,14.106432789006776
2021-05-14,17.48318044892899,15.41283292031169,14.627259533256174
2021-05-17,17.280171318071798,16.542620926057133,16.19433756956728
2021-05-18,16.35916649691009,15.691644926626063,15.369796027112262
2021-05-19,16.519456538111037,16.108564773405693,15.821281763397213
2021-05-20,16.949910053533245,16.643601598863615,16.340737722521244
2021-05-21,16.52919201138595,16.318020484339705,16.041538283805515
2021-05-24,16.59735021250083,16.12103687228573,15.772400680180649
2021-05-25,14.795549285228107,14.391149450924933,14.111676918589472
2021-05-26,14.770914995336307,14.27445498108964,13.939550403684606
2021-05-27,14.396951145479628,13.979795654485224,13.650943920014106
2021-05-28,14.378464865608972,13.780272831023552,13.449909673069019
2021-06-02,14.33732790264247,13.828571225215756,13.517458414008518
2021-06-03,13.321273143798079,12.58167518206997,12.21127697692785
2021-06-04,13.421051506335882,12.646449821847822,12.27499738066017
2021-06-07,13.209594051350809,12.552427971275481,12.253431041932666
2021-06-08,13.85446067666394,12.729517268781906,12.331759220621835
2021-06-09,13.92845239764092,12.507888151929889,12.090219834057775
2021-06-10,14.076940887225964,12.607218490385671,12.159252926978864
2021-06-11,13.618031903520436,12.220047413475678,11.83230641244129
2021-06-14,13.608546839132488,12.257616401106132,11.87084977261997
2021-06-15,13.3739412213742,12.043967420456415,11.664116810812503
2021-06-16,14.080007104875127,13.426828011892303,13.028792557421069
2021-06-17,14.373614602657334,13.954512419987417,13.528082470430263
2021-06-18,15.282584980325451,15.391325538699855,15.539648667575648
2021-06-21,14.425047003513876,14.903876269640046,15.077847993357041
2021-06-22,13.754865304145692,14.486533189852265,14.727344051000605
2021-06-23,13.577026817558243,13.936009765221833,14.107587826953228
2021-06-24,13.247111571122637,13.535002138465508,13.686364780690733
2021-06-25,13.202467188751385,13.621929598452601,13.78981311198571
2021-06-28,13.826812938903418,14.809938911761225,15.157018213939871
2021-06-29,14.18718527547945,15.037808854917012,15.378512083869381
2021-06-30,14.037274351402646,15.328997741777348,15.781516909321011
2021-07-01,13.789318957415322,15.353257072341245,15.866193189908973
2021-07-02,13.66995960239106,15.228952391693603,15.741871932950321
2021-07-07,11.844823014159024,13.60603237978784,14.24834729949304
2021-07-08,12.106189568374381,13.862859592159907,14.406550570671625
2021-07-09,13.055151762673415,14.523310218470762,14.973881022252089
2021-07-12,13.146913517355546,14.419862232668205,14.84943381081364
2021-07-13,12.850013459157658,14.137123357296085,14.573200216933198
2021-07-14,12.262326067876227,13.5245328125308,13.974130180652855
2021-07-15,13.109626220020562,13.494291417484868,13.749639259364457
2021-07-16,13.862687571581187,13.909522924933478,14.050930289399021
2021-07-19,13.450476437979923,15.014796086822848,15.317813982465097
2021-07-20,14.115885426646422,14.890416468541593,14.799835960736349
2021-07-21,15.200369906647456,15.804985021753751,15.498687769898611
2021-07-22,15.139360035672523,15.96354627031723,15.677356935935308
2021-07-23,14.941055296708704,16.077779917637944,15.961416071914435
2021-07-26,14.305666204162321,15.439309076827126,15.375984683925864
2021-07-27,14.793618283685984,15.53619980389334,15.277753522446188
2021-07-28,15.380448153405077,15.794747855846852,15.48581696141349
2021-07-29,16.34386397758914,17.732296977944774,17.637914601216817
2021-07-30,15.671559226212207,16.911993673234445,16.853852800719054
2021-08-02,15.500240129739188,16.734423930187926,16.67281562037067
2021-08-03,15.469904186020134,16.706683407949242,16.664282710737265
2021-08-04,15.24374199473397,16.513398519956464,16.45804788137865
2021-08-05,15.219850840429189,16.434780855424354,16.305856025396764
2021-08-06,14.3297304470603,14.500473642114661,14.151443773303166
2021-08-09,15.240905318498621,15.529942689586992,15.244788838383998
2021-08-10,14.73384224551565,14.940898075714045,14.854836617767825
2021-08-11,15.228619806181824,16.13120064763855,16.269345706942413
2021-08-12,15.04458327678082,16.0166433924598,16.224683858216245
2021-08-13,14.280850533076524,15.255864154903117,15.471997632953496
2021-08-16,14.002100495169891,15.17427171938944,15.47938224687901
2021-08-17,14.766046831268708,15.77924490632501,15.978912854848742
2021-08-18,14.991056411175846,16.17510973796908,16.350255278687538
2021-08-19,15.861858689362132,17.13912567067308,17.25522036061464
2021-08-20,15.538205876428451,16.627918124158406,16.597327314510725
2021-08-23,19.548191710749805,19.800570368589202,19.111134679852825
2021-08-24,18.977795113796816,20.487929868118822,20.39757537636403
2021-08-25,18.75257024558306,20.247752572010782,20.134212486643577
2021-08-26,18.513651242204794,20.050089680846593,19.951374588270827
2021-08-27,21.563516915960665,22.025530009547527,21.495792376960026
2021-08-30,21.84664135003217,21.924611657516923,21.339804880681125
2021-08-31,21.708896567750735,21.829138050380962,21.256061016222336
2021-09-01,21.793970925066056,21.851441951922276,21.2103522767662
2021-09-02,21.804639365365894,21.802438474575535,21.093361138277363
2021-09-03,20.867276299246008,21.198958193977713,20.60167258940784
2021-09-08,20.93109718087398,21.204935714565934,20.59688488186989
2021-09-09,21.159935513557148,20.717991657594933,19.964599964682332
2021-09-10,20.772874832817177,20.123308893409376,19.3319439478274
2021-09-13,19.739835658436192,19.15587918263872,18.444870339958584
2021-09-14,19.457258094442974,18.61449023431708,17.829293260276522
2021-09-15,19.05654550400273,18.411310090141487,17.789412385843914
2021-09-16,20.429658988592596,19.666834157454986,18.816900412295386
2021-09-17,20.009887048117626,20.497623563583975,19.932924273007878
2021-09-20,20.896617802079323,22.181504158446906,21.58968179906073
2021-09-21,19.988627879624634,22.154860468025195,21.867038365737727
2021-09-22,20.117893287281074,22.103264860195278,21.81119116787984
2021-09-23,19.775835287118568,22.287900599938503,22.123351298884153
2021-09-24,18.812738520777174,21.528209388934712,21.41398638589964
2021-09-27,19.923104177590766,21.33999045381355,21.0564378541951
2021-09-28,19.80702885590508,20.621170283088734,19.89574526126107
2021-09-29,20.034814394544522,20.575882536907166,19.721787493968346
2021-09-30,19.939948070405645,20.35016643486682,19.561446599993417
2021-10-01,19.61095811464144,20.350643168698056,19.552549206787425
2021-10-04,17.21893212674477,18.457571578266663,17.956054110450566
2021-10-05,17.50873073277166,19.453770926544525,19.119289169579933
2021-10-06,19.66974637792235,20.413800224304357,19.999925369741437
2021-10-07,19.280743708025298,20.291675100802394,20.062809357557654
2021-10-08,18.78130581556524,19.940817667080378,19.743226809169126
2021-10-11,18.895060822077703,20.056353911487992,19.858816189761963
2021-10-12,18.995350580932037,20.072209302660625,19.860639731368835
2021-10-13,18.82153307236991,20.619782422841347,20.512384774887956
2021-10-14,17.803444979974913,19.506028447703212,19.387878186959338
2021-10-15,16.29749216919974,18.68856779139349,18.759386140804835
2021-10-18,15.29254384773178,17.578281170584823,17.615806403191645
2021-10-19,15.578365182491517,17.380674776696594,17.43428917748828
2021-10-20,13.226448248873862,15.734065941447112,15.94742165215439
2021-10-21,13.151189298589935,15.913637298241504,16.20297874593539
2021-10-22,12.6481741250467,15.644027584031814,15.990605649162305
2021-10-25,13.003932506470273,15.841566119934052,16.101241832164558
2021-10-26,13.333304596267098,15.892606089168812,16.07878211081022
2021-10-27,13.902791526028807,16.569849813680072,16.718060693903006
2021-10-28,14.16367606454866,16.879591240313275,17.07558219524313
2021-10-29,14.40203908281166,17.282864952103143,17.47431962826146
2021-11-01,14.537008109552302,17.42728270544264,17.591115663386496
2021-11-02,14.490962706707869,17.37527968736139,17.54932571480932
2021-11-03,12.706889609564213,15.448842345929895,15.748527898067255
2021-11-04,11.057127554752864,13.219962917970896,13.426614692756637
2021-11-05,10.98828023462095,12.940039051108124,13.259313965298128
2021-11-08,10.2668523560125,11.933084250829918,12.133445175536881
2021-11-09,10.687275436415849,11.253254220358071,11.326385208548624
2021-11-10,12.865386182250601,13.65591210289751,13.524329499393813
2021-11-11,13.642286437275711,13.847500363898298,13.566697374074128
2021-11-12,13.325309300097057,13.411343106456803,13.144652092359966
2021-11-15,14.847089112586534,14.508569603888887,14.173481291617227
2021-11-16,15.327731230555717,14.527564396140866,14.106561070285077
2021-11-17,17.06807681949876,16.090208847863032,15.343888508039244
2021-11-18,16.78775426183443,15.551764463892825,14.898447684309716
2021-11-19,16.715299938193642,15.529171758733092,14.923340113992106
2021-11-22,16.00030841018625,14.152246754440704,13.56645139915707
2021-11-23,15.558440942287199,14.046870063508528,13.746378056886083
2021-11-24,15.334262200095708,13.823541911739817,13.534342266169123
2021-11-30,16.90406194415687,17.126531893645748,16.632252459855472
2021-12-01,17.314731217616732,18.280300348968634,17.81980527930477
2021-12-02,16.858515288172914,17.442933887683395,16.842702965735402
2021-12-03,18.00469144078301,17.160586836409962,16.343230163686155
2021-12-06,18.31133017468665,16.64777539819011,15.68151695063352
2021-12-07,19.03679115205947,18.351403149424815,17.54258375557174
2021-12-08,19.083292045632614,18.9126547044928,18.238052514998905
2021-12-09,20.159917632582857,19.872952301319835,19.06868738757476
2021-12-10,20.120758361384716,19.807455652349926,18.996966501354738
2021-12-13,18.171069183535046,18.081440841260125,17.412714077483695
2021-12-14,18.96743995703969,19.754863709771158,19.18984300197971
2021-12-15,20.422857914597405,21.005797228251403,20.192115820999867
2021-12-16,18.22429510617772,18.8613846780105,18.273622248524806
2021-12-17,18.15772809677657,18.751054498789955,18.182971507902543
2021-12-20,17.54461057934363,18.399437784523904,17.914918846352666
2021-12-21,19.74088472221049,19.513199329599292,18.733137025756207
2021-12-22,19.877530242585475,20.149027381982986,19.57761816159267
2021-12-23,19.400540217588322,19.5891169282648,19.003858080361066
2021-12-28,18.966462981517626,19.05563316468753,18.475379520605475
2021-12-29,18.68004854301103,18.70176279366178,18.114711342766476
2021-12-30,18.794184480222857,18.834678628223813,18.201042710331137
2021-12-31,18.326195662198444,18.288299845128783,17.72373152765945
2022-01-03,19.218278091200066,18.92191853454241,18.36391560591384
2022-01-04,18.621371391894083,18.319879665736273,17.758447538884802
2022-01-05,16.92081640761575,16.887820784274744,16.419227123190545
2022-01-06,16.647680404791384,16.18683333096608,15.87934663459869
2022-01-07,16.61572752948772,15.844285104676468,15.508213469675708
2022-01-10,16.570091584809578,15.679826035449645,15.338387421148983
2022-01-11,16.559218692300163,15.488368781126466,15.040570946706927
2022-01-12,15.952793188700607,16.551333071516368,16.7433653991669
2022-01-13,16.753980974552263,16.990800728426432,17.074068687001134
2022-01-14,16.440866766703273,16.526183744822223,16.559938396437467
2022-01-19,16.77682458033407,16.51945589885994,16.419691778321162
2022-01-20,17.806375724599707,18.0785220261625,18.04741913422792
2022-01-21,18.935140973926988,20.44250914880042,20.741326173326534
2022-01-24,18.893914298548374,20.086018957269978,20.251013290507082
2022-01-25,16.809556047606293,18.544656906901917,18.86808144359882
2022-01-26,17.055123496739473,18.9090320621052,19.527895845448185
2022-01-27,16.27566168283273,18.144465373174167,18.73535328823952
2022-01-28,17.83976742299389,18.91792359083325,19.280448553368224
2022-01-31,17.87467047792143,20.90522023603807,21.840932884876555
2022-02-01,16.927113967227502,19.773134921963408,21.10291311130399
2022-02-02,16.828807359052313,19.624561570069677,20.880141416198875
2022-02-03,17.022636511195284,19.578986594308766,20.732427248045322
2022-02-04,16.956684624550164,19.259845989067063,20.284305307466223
2022-02-07,16.563527991856674,18.814176440949325,19.833688476121257
2022-02-08,15.472863972392743,17.60813362738314,18.605372039116098
2022-02-09,15.10205813956328,17.324377499017938,18.371959511196582
2022-02-10,16.564653999678015,18.774119748867914,19.728541632814288
2022-02-11,16.280590576478353,17.97791641435578,18.254388611164483
2022-02-14,16.306762551715646,18.332508580289772,18.652886121206155
2022-02-15,16.216163666003073,17.864490366089605,18.059657487154226
2022-02-16,15.431824144786713,16.764241259151298,16.9620497389343
2022-02-17,13.754684331993285,14.93641693992063,15.047109540993468
2022-02-18,13.844221785515535,15.027632443343894,15.148721978794386
2022-02-23,14.275854661866097,15.63614646449561,15.64750854084657
2022-02-24,16.97612895328907,17.293143154779823,16.620021063499344
2022-02-25,14.221977786866702,16.291393235786423,15.917919072112705
2022-02-28,15.122422219827685,16.907313728265507,16.400591685548598
2022-03-01,18.893595672725397,21.736540651330284,20.92748202729878
2022-03-02,17.6340972968514,21.43604044252891,21.410533495652295
2022-03-03,14.3982960233247,18.32146937249863,18.54742525510706
2022-03-04,15.528116138618211,19.716025745270223,20.077850144076816
2022-03-07,14.783005764660775,17.408959971857108,17.589223256346774
2022-03-08,15.227910578549572,18.920178785722555,19.384559239811264
2022-03-09,21.794538297648245,23.407468073464045,23.335550709393026
2022-03-10,21.913404547103198,22.07980194110644,21.429542608260846
2022-03-11,20.70029313507099,21.140973775259905,20.667578367954867
2022-03-14,21.050575782029306,22.171597380394772,22.005230712075495
2022-03-15,21.647110247356494,23.136614051106466,22.83255079212303
2022-03-16,20.56713430079481,22.79052750924113,22.506541562256764
2022-03-17,20.041295335521955,22.32736816975157,22.077204177557906
2022-03-18,19.94279706860422,21.632439016351235,21.287311674654052
2022-03-21,20.654456879860298,22.02843224060059,21.615013153498193
2022-03-22,21.683924131803625,22.498391493361083,21.948467063637445
2022-03-23,22.314403966337952,23.111492381312836,22.395131249188818
2022-03-24,21.665723390687184,22.358590923576962,21.662519309241905
2022-03-25,21.213711429620897,22.088167608356038,21.400246475304485
2022-03-28,22.95343360124165,23.48095939660443,22.61815597903253
2022-03-29,23.357771690177817,24.790054951662967,23.892183687579525
2022-03-30,23.315039431269575,24.39924104305127,23.509198852080047
2022-03-31,21.582583184728975,22.850842706843324,21.993760246064838
2022-04-01,21.186766621315098,22.62988959291321,21.724914575228325
2022-04-04,19.955698994864886,21.404525247709024,20.658781536913835
2022-04-05,18.997086979728607,20.63282913434538,19.890363149489744
2022-04-06,18.26410121211069,19.81140112558797,19.09760581445437
2022-04-07,18.122293704539203,19.19586909019448,18.348185450065603
2022-04-08,18.329665763065826,19.4127530400682,18.519337328383966
2022-04-11,18.02097439107754,19.194083579862202,18.27633259720443
2022-04-12,19.603918687040935,20.620171523490793,19.50195541858142
2022-04-13,18.966693480520306,20.26800388799067,19.540840317316622
2022-04-14,18.665508113034164,20.13381896973675,19.364988014376557
2022-04-19,20.387384274944704,21.533932178141676,20.504872183222044
2022-04-20,20.381505312387745,21.601602232100923,20.648231644179525
2022-04-21,20.42256242980768,22.766377958112994,22.406105270932695
2022-04-22,21.017057125715013,25.177470423653155,25.39697904539766
2022-04-25,21.460272430830273,25.718747607608268,25.881576797238854
2022-04-26,22.207083887899845,25.44522435330015,25.11622481523888
2022-04-27,21.077439985028,23.84679973080315,23.478402004385153
2022-04-28,20.539271663583257,23.428602122106977,23.09021058957547
2022-04-29,21.7852404781023,25.11654903030606,24.94608636050988
2022-05-02,21.080511118371344,24.009969512393738,23.979828517468924
2022-05-03,20.900701861222355,23.981153451536027,23.982346710489452
2022-05-04,21.666114600174776,25.004304007010496,25.172616131570553
2022-05-05,21.517314738696296,24.86121325375846,24.8938937128578
2022-05-06,21.29341971497766,24.48513802933562,24.543609406428242
2022-05-09,24.20884832001516,28.381778909137722,28.699892135707533
2022-05-10,24.357826720991973,29.821862309203713,30.286267672185524
2022-05-11,25.539254001067054,29.520148850989102,29.693610999459125
2022-05-12,25.92509664326342,29.225318935961177,29.0978082668435
2022-05-13,27.36131335150494,30.8969249687459,30.825997011349383
2022-05-16,27.501236967980034,30.90966480481941,30.715093813016974
2022-05-17,27.776240323579128,31.792945108268437,31.904325061666455
2022-05-18,28.649531549779727,32.913854201856125,33.11419610061734
2022-05-19,28.088254960010556,32.09123945776959,32.17986691580781
2022-05-20,27.815276960690593,31.679354597753857,31.678082287508353
2022-05-23,27.724623739408532,32.215077457115676,32.36318493398165
2022-05-24,27.321177271512216,31.21330808361314,31.192142211006917
2022-05-25,26.82281649660037,31.069916915214453,31.08245336440388
2022-05-26,26.672873821067473,30.944309946042974,30.971860149265733
2022-05-27,25.45034307523913,28.98248261995276,28.83869228343831
2022-06-01,25.291881583897176,28.860423575882226,28.71469647475297
2022-06-02,25.57636207056408,30.120585791082412,30.222681223988822
2022-06-03,25.627659200184617,30.32382465460821,30.344960246390762
2022-06-06,25.68148517590107,30.16413296266934,30.153212777902755
2022-06-07,25.804538921942576,30.825139040441396,30.947327660969442
2022-06-08,25.972279355806045,30.72017454234838,30.741471840642603
2022-06-09,27.61205146086283,33.38469985919056,33.587031319352164
2022-06-10,26.734607508877833,31.852472439627572,32.027233652314976
2022-06-13,30.280163508677393,38.322567487539246,39.307321529160895
2022-06-14,29.62066538508416,37.78000667876297,38.79642345610083
2022-06-15,29.925423764009924,37.92085048501054,38.65326279334304
2022-06-16,30.989064345901586,38.50386878776656,39.063843827733976
2022-06-17,32.402535614260024,38.747946755474366,38.988880021393406
2022-06-22,31.30910422194843,37.855001578396916,38.20685559420423
2022-06-23,29.52167608217352,35.69322396122074,35.981219969012606
2022-06-24,29.178838754925312,35.19225881929018,35.51425797893188
2022-06-27,28.29183431056455,34.66092756322315,35.089933517801015
2022-06-28,28.73891901952646,34.75650503467856,35.0025117106116
2022-06-29,28.455857818948854,34.6744691276601,34.94318936271696
2022-06-30,28.0437161256016,34.30745518696921,34.54695819089245
2022-07-01,26.72631633751166,32.82732002361823,33.00745705357938
2022-07-06,26.41454152628522,32.01756990457513,32.012085273852556
2022-07-07,26.594354866086974,32.49490417543354,32.47023220943214
2022-07-08,26.713909430303023,32.45139042117195,32.34560434561121
2022-07-11,26.427690422723472,32.01289712685521,31.83756688296339
2022-07-12,25.755928151225802,31.138434277461457,30.91500172064136
2022-07-13,25.4504521988866,30.48482207879708,30.11104956251321
2022-07-14,25.698571894309946,30.499629141490114,30.118934929687097
2022-07-15,25.805609589230443,30.364227858171862,29.921639057704656
2022-07-18,26.102762614240365,30.292481256446386,29.706283133967332
2022-07-19,27.232260425875648,31.396585163285213,30.986453912064345
2022-07-20,26.036080099131514,29.554586423381284,29.11442955565107
2022-07-21,23.346312798042966,26.753237538877944,26.28160202889512
2022-07-22,22.594607617608347,25.707894680464964,25.25102695126507
2022-07-25,22.256651527725804,25.553790732604316,25.19013829183588
2022-07-26,22.55721334720653,25.458952043901412,24.91963072530387
2022-07-27,24.276603397199292,26.447465493039285,25.698204197155334
2022-07-28,22.816729387738224,25.061576377507393,24.501845539280108
2022-07-29,22.852344705508372,25.11087768066968,24.617645624834488
2022-08-01,22.597485040775886,24.907345073280617,24.481759382383682
2022-08-02,22.204730692100064,24.707579977435003,24.34580872008498
2022-08-03,22.22754387504908,24.803054620980202,24.515476403350746
2022-08-04,21.574217692404428,23.78188367515187,23.41725668257033
2022-08-05,21.15422523044862,23.460539006375047,23.188730055424145
2022-08-08,21.073355746717606,23.154224386660474,22.844978644667012
2022-08-09,20.318229427625127,22.237072992729626,21.91508563195057
2022-08-10,21.084630572348885,23.137212857588395,22.81763364130136
2022-08-11,20.969044018237593,23.35207545896612,23.145312326946268
2022-08-12,21.37279315448895,24.034952947510945,24.009225832311685
2022-08-15,21.001565627136966,23.068611134380145,22.94298767392649
2022-08-16,21.23772439660735,23.05800542835899,22.850733073415388
2022-08-17,21.376004435977567,23.45222557270265,23.306939494997362
2022-08-18,21.75543384465953,23.63073472208823,23.479800514667375
2022-08-19,21.396636226648344,23.19222203468527,22.971367678918746
2022-08-22,21.977732668870495,24.213979160930833,24.197326141884716
2022-08-23,21.53104578047833,23.587582401009314,23.599862388482727
2022-08-24,21.868017337033287,23.935865172644334,23.961260747960424
2022-08-25,21.825712062470338,24.073359131172438,24.115707912261776
2022-08-26,23.736587024510023,25.553148149916822,25.57843796493674
2022-08-29,22.25998354135273,24.349873231045187,24.4907695232681
2022-08-30,24.63724625790728,26.867641970091892,26.968356358745822
2022-08-31,24.58129128809363,26.98040639117912,27.11492247438513
2022-09-01,24.842332601251833,26.887932541100177,26.78853588884545
2022-09-02,23.703435024217697,25.878747903493398,25.87581046318372
2022-09-07,25.576123314443215,27.46448769765956,27.298633278834743
2022-09-08,24.150985463939993,25.810350487231933,25.831163990334954
2022-09-09,24.905375848611268,26.583042913319826,26.617098719256134
2022-09-12,24.93712788043313,26.67338444044246,26.741262813986534
2022-09-13,28.741404854906964,29.489032129004165,29.297320877762907
2022-09-14,27.796425325816514,28.951366933941593,28.927117440360135
2022-09-15,30.297636357999853,31.13552261517264,30.954582107523816
2022-09-16,29.4207061033486,31.27646025450201,31.451123118821418
2022-09-19,29.792956161329272,31.75319767547377,31.90357043830235
2022-09-20,30.236653734557876,31.974208985631986,32.1115500826019
2022-09-21,29.587342663885668,31.87405566879053,32.17463481151708
2022-09-22,29.18936459255315,31.65626773291465,32.03548623963394
2022-09-23,32.75238205002115,37.062142968550326,37.75684677095519
2022-09-26,32.68287299679128,37.521973912482004,38.49993899218249
2022-09-27,32.41391030810215,36.53159092600453,37.225351815882476
2022-09-28,35.36601870566849,38.649971221362385,39.132438812114884
2022-09-29,35.384335862474884,37.71632033808789,37.92949818943499
2022-09-30,35.46655042738598,38.03330939871544,38.33039804334641
2022-10-03,42.8251968279346,41.06198660651453,40.20357883827677
2022-10-04,44.729387398216396,44.27054729141803,43.48842181098865
2022-10-05,44.58179816839054,44.20986018131113,43.362431019563516
2022-10-06,44.13812675472589,44.26944173408292,43.64059407182268
2022-10-07,41.03838675127962,42.32760715662371,41.94380431522271
2022-10-12,39.75682756901702,41.46272965520525,41.07385612353471
2022-10-13,39.37506494787532,40.86646659258213,40.30941035207395
2022-10-14,41.03352558885323,41.89078085597533,41.3060455072231
2022-10-17,41.76163680463073,42.108342029924756,41.33328335314153
2022-10-18,41.138598980422046,41.284019803402,40.492730406302705
2022-10-19,39.689397512408966,40.906631353849484,40.36968943746733
2022-10-20,38.99710095711832,40.48138578772745,40.078426422962856
2022-10-21,40.60572419674653,40.932164111989785,40.07111886052513
2022-10-24,40.47571299597435,40.66585063896736,39.79204273649728
2022-10-25,40.29179029155676,40.91649380905103,40.20589271533717
2022-10-26,39.82135788101679,40.50581153231377,39.76414149820442
2022-10-27,39.261282452572324,40.35706429734694,39.79937857226294
2022-10-28,37.561033300597984,38.627283750815,38.009966416371185
2022-10-31,37.476629811341425,38.522305536004914,37.90232696802146
2022-11-01,37.54841091836174,38.25854891405815,37.58536643316076
2022-11-02,37.233086018428835,37.864797404912515,37.18227422141129
2022-11-03,36.808719139260475,37.43574516399303,36.71260703237775
2022-11-04,39.60142378562645,38.801380531911825,37.78295231432152
2022-11-07,39.086831501097315,38.40373833709136,37.59237946006006
2022-11-08,36.518931598011115,36.555964521406395,35.9264797820392
2022-11-09,37.2941767067472,38.304447805806575,38.17145982228247
2022-11-10,42.363656732991224,43.676274813774214,42.95637314403603
2022-11-11,41.16496090605592,43.02693718629485,42.29577238628352
2022-11-14,39.774101318781696,41.173620983460104,40.487163246215644
2022-11-15,39.50365522758606,41.22823255969515,40.657621944495965
2022-11-16,39.45426590748178,41.14636195237296,40.549201398701626
2022-11-17,39.603745743217736,41.04099821508325,40.40077932936779
2022-11-18,39.04827510786002,40.656753905911856,40.09805147343178
2022-11-21,38.6387530178651,40.09025098338546,39.45352495771903
2022-11-22,38.85697804753268,40.24669388761688,39.555480491515695
2022-11-23,38.19483590840902,39.601266588951326,38.9518257583023
2022-11-28,38.791336328972754,40.17884742018743,39.534077096930595
2022-11-29,38.75237684453365,39.86344629954827,39.09992666082175
2022-11-30,40.590766382996655,42.04881510813012,41.27815920563223
2022-12-01,39.34408182479778,40.58981666998818,39.33440532830332
2022-12-02,37.68224749962625,38.650430402408034,37.492301673086644
2022-12-05,40.32494760907277,42.98506679862262,42.586737986035004
2022-12-06,39.718306826386396,42.24579888864186,41.73764980028077
2022-12-07,38.83699758598135,41.40991231399461,41.050294720187544
2022-12-08,38.61789085531967,41.110818344681206,40.71971320017651
2022-12-09,38.39593687453165,40.72455525837979,40.18488917898366
2022-12-12,37.85898647095592,40.484336976420046,40.188288975113856
2022-12-13,38.19842524396157,41.571726194248896,41.399443685035045
2022-12-14,38.034098159865785,41.33400342845661,41.15590128553333
2022-12-15,38.25082318944039,41.34390657895022,41.04378422105216
2022-12-16,37.39916543609268,41.31021802102446,41.57868616182625
2022-12-19,37.13827206517807,41.14825590611195,41.434657613558066
2022-12-20,36.65888546047339,40.0313424483869,40.27310364602481
2022-12-21,37.642304459086056,41.48155697863687,41.79600589834308
2022-12-22,37.694264899185484,40.58853917945864,40.644691206202495
2022-12-23,37.90200058894307,40.57642233663514,40.58646262972431
2022-12-28,38.709441062444625,41.51901806591543,41.36269424928955
2022-12-29,39.03108115148184,41.145152358903665,40.858071646556176
2022-12-30,38.62028849534027,40.71850104891806,40.41687977609865
2023-01-04,37.127137679887454,39.39947234747037,39.18978595285456
2023-01-05,36.56558322918394,38.464822687338824,38.24213586593627
2023-01-06,37.38020528481693,38.56367809731666,38.165097750833084
2023-01-09,37.23831672010595,38.519414268855705,38.10158375838299
2023-01-10,37.14183742242374,38.244647180250844,37.70429651845142
2023-01-11,36.9565895237324,38.067675410846256,37.56254267305839
2023-01-12,36.815732966919974,38.18622667981393,37.816794257620465
2023-01-13,36.79300018876368,38.251455745103705,37.966165452563025
2023-01-18,37.97710686019899,39.10495899026041,38.54541746739709
2023-01-19,37.10211487736223,37.96124294203251,37.38141357788998
2023-01-20,37.36837994358531,38.526504623207096,37.95550937827245
2023-01-23,36.82163519461916,38.026181170841724,37.47761753846932
2023-01-24,36.00316890780331,37.23446721683864,36.715758803447955
2023-01-25,35.58258038951382,36.95226469792682,36.60603196331325
2023-01-26,34.00984146554206,35.65461262715823,35.37123781830198
2023-01-27,33.9017113797482,35.4574248218933,35.150544581513984
2023-01-30,33.74911263851926,35.16343316299235,34.856584376295466
2023-01-31,33.565946670196695,34.84097876221697,34.52347507411595
2023-02-01,32.051924142429236,33.30617917525297,32.928753839627696
2023-02-02,29.153602002403723,30.491292714593595,30.415090303297017
2023-02-03,33.50657976129216,34.86992986991528,34.76819492706056
2023-02-06,32.68998985322445,33.95712288581822,33.986788365015926
2023-02-07,33.220496958488695,34.48674548354944,34.40031111928252
2023-02-08,32.40800867796522,32.78776326170872,31.837542724614632
2023-02-09,32.35773453931437,32.80196533191982,31.76611767070176
2023-02-10,31.804500381631,31.88771620568791,30.741187764231586
2023-02-13,31.522315545617406,31.575055275541946,30.419713883691983
2023-02-14,30.232565413015326,30.561875491608,29.700254576952208
2023-02-15,29.437284362046068,29.70338276204176,28.856648068746477
2023-02-16,28.93690873323223,29.27116087041331,28.477598466187448
2023-02-17,28.296243780800644,28.934251736796433,28.312988450341557
2023-02-22,28.093927659103652,28.792461093301608,28.156757767143333
2023-02-23,27.4256852558241,28.094337923649988,27.499014886306828
2023-02-24,26.668824594561695,27.24901862653151,26.582462587278897
2023-02-27,26.38142341760708,27.10440117460589,26.50034607794895
2023-02-28,25.617555985264485,26.142617887876536,25.47753010070642
2023-03-01,24.961193428942426,25.311619264270913,24.680609267003035
2023-03-02,24.636650536877806,25.26689860856481,24.789726392138945
2023-03-03,27.17190872270818,28.61794963955198,28.20263204335501
2023-03-06,27.432570369366506,28.338158593808732,27.664595294497555
2023-03-07,29.594253018137106,30.5923996229493,29.752806346267924
2023-03-08,28.99546842259432,30.223691386526312,29.6112405503525
2023-03-09,27.64628886658103,28.966305011433157,28.45607286476778
2023-03-10,25.688300903904004,26.630564274539587,26.219587910324265
2023-03-13,23.260452287081286,23.93369101822726,23.629778005061517
2023-03-14,23.1426420076414,22.99129657162483,22.674679697173907
2023-03-15,23.038376105041543,24.0646689008433,24.034001734607994
2023-03-16,24.089139188224173,24.68262609754594,24.462393101202696
2023-03-17,22.531587739806337,23.551715799212744,23.387788739138813
2023-03-20,21.90139756669168,23.032964241119515,22.899752693991275
2023-03-21,21.01660829461508,21.998416224311292,21.935527207526285
2023-03-22,19.899186787323604,21.102348445876704,21.112257320282694
2023-03-23,19.151269957399943,20.35020197747064,20.325455047932202
2023-03-24,17.755268330963307,19.310296075927756,19.41412345758079
2023-03-27,18.328790619096548,20.090405279427674,20.188899462032513
2023-03-28,18.045630930890542,19.84775935326846,19.98106652805333
2023-03-29,17.699724167696804,19.573260146922745,19.74762595595408
2023-03-30,17.69770239775177,19.58568083510348,19.764060936517282
2023-03-31,18.94037119125049,20.93946738193029,21.11279431701812
2023-04-03,18.653525123022977,21.17482436898719,21.515672086592026
2023-04-04,18.742357387556794,20.91248723766822,21.049630913687896
2023-04-05,16.752543613206615,18.505815762717805,18.493323784968737
2023-04-06,16.554795921836376,18.34122720377058,18.370561626775192
2023-04-10,16.468572217870214,18.26186373623654,18.30541557670164
2023-04-11,16.62206019804716,18.495151494288134,18.553802374259014
2023-04-12,16.45591826436248,18.315517919297754,18.3583537656863
2023-04-13,15.133630841158372,17.166686113864994,17.316412374430104
2023-04-14,16.14356259617741,18.45722960481063,18.837624928308514
2023-04-17,16.97140694651059,18.543584426492842,18.78581806222932
2023-04-18,16.73919888980301,18.23851109507788,18.47826033345795
2023-04-19,16.59455502305374,18.171054695039423,18.4536040549498
2023-04-20,17.28615086896551,18.94526674958683,19.221931879414896
2023-04-21,16.149729922424253,17.845544706256604,18.193730434396947
2023-04-24,15.880034238974266,17.56401063517691,17.89327532934023
2023-04-25,17.482727550583384,18.838769881822426,18.951272845905876
2023-04-26,16.6403484580779,18.608677354413828,18.879468162672573
2023-04-27,17.118554445900383,18.830659205413227,18.905422521740096
2023-04-28,17.217573059575717,19.316270163835014,19.464902895300096
2023-05-01,17.089054876847666,19.08998714673664,19.238122358819123
2023-05-02,17.935267500799522,20.099717512493257,20.02883090065536
2023-05-03,18.794687118932725,22.1660618205008,22.286824969096365
2023-05-04,17.860572859593148,21.317720399669955,21.646229084931708
2023-05-05,21.46400472272133,24.218579408029292,24.03600927382349
2023-05-08,22.18656987087942,25.836450937852046,25.770358652073327
2023-05-09,22.06410285785905,25.739994312138748,25.621604079818646
2023-05-10,21.577946686583136,25.34766783828868,25.405872756461523
2023-05-11,22.091237309121738,25.75516529227744,25.997939892899506
2023-05-12,21.74096846062662,25.584907245953918,25.85552238951579
2023-05-15,21.036790023588647,24.891301265931006,25.202495818808263
2023-05-16,21.021622496735567,24.0249596665743,24.12617466966389
2023-05-17,21.017612030302576,23.110029241251357,22.9980458745802
2023-05-18,20.382259783173076,22.573429850155833,22.5574322338573
2023-05-19,20.51203827665942,22.580188394297743,22.514501158178327
2023-05-22,20.820215639935444,22.735312597173234,22.64092070797666
2023-05-23,20.404268186322007,22.33014492790704,22.270217996108443
2023-05-24,19.769609340378032,21.646345531240048,21.628386296827095
2023-05-25,19.791721662698322,21.74633520273697,21.73146081494427
2023-05-26,18.454104801134864,19.482868501379823,19.074829282194383
2023-05-31,17.680639768938057,18.99071991604118,18.810976687099714
2023-06-01,17.188103858803764,17.61981166170368,17.237826530792564
2023-06-02,19.132823652695432,20.051916647484394,19.369355240330776
2023-06-05,19.23448468428461,20.16384383543335,19.52589511781479
2023-06-06,18.906960908875075,20.01942423912251,19.5567701436784
2023-06-07,18.949353042714765,20.722889432092465,20.308157169603124
2023-06-08,18.55054077351212,20.17707843959827,19.79089050748035
2023-06-09,18.173971537186418,20.037062487274657,19.689339814476693
2023-06-12,17.203409289474447,19.033568397484014,18.733147148767312
2023-06-13,18.890153621076546,20.36161717578582,19.615611639532194
2023-06-14,18.465429656051725,20.008677552063105,19.373363837427586
2023-06-15,20.336900385889876,22.092038113846172,21.448109593803448
2023-06-16,19.885440015861178,21.635016831204716,20.952697708971748
2023-06-21,18.857139413152957,20.313659525741322,19.691551959149987
2023-06-22,19.258864536735306,20.3517415569964,19.778460038605004
2023-06-23,19.794761636418944,21.684980298354827,21.493809154044087
2023-06-26,19.13651717034532,20.58558159400538,20.433867640682532
2023-06-27,18.54817362241999,20.375425437297277,20.579292665873623
2023-06-28,17.729015037222364,19.594244169278994,19.828267309321575
2023-06-29,17.170601367329166,18.74277511669972,18.957296211540886
2023-06-30,17.179176786495116,18.977705271471166,19.20778394734393
2023-07-03,16.86614670602301,18.78969969507509,19.049521438866737
2023-07-06,17.96492884260293,19.94692174571471,20.253220039510563
2023-07-07,17.573204882437096,19.257631670603182,19.49886047443102
2023-07-10,16.97323122451878,18.569468199518656,18.832609579217348
2023-07-11,17.595126738744057,19.25875113300318,19.52473496029504
2023-07-12,16.17461370054055,17.87777208282939,18.20839375613134
2023-07-13,16.18157028432857,17.846809956574806,18.206267630543703
2023-07-14,17.398981145891597,19.017695995846047,19.343657977311643
2023-07-17,17.05858990725294,18.799541239555463,19.134962573024414
2023-07-18,16.423929193112,18.043716285691847,18.341512379464586
2023-07-19,16.20469275621476,17.972827349112617,18.319922997199807
2023-07-20,14.594882696598674,16.16128440612822,16.38253381199646
2023-07-21,14.541745803487219,16.26642970251536,16.575643618427673
2023-07-24,14.39319898114653,16.515515261368556,16.984442944415477
2023-07-25,14.398027551118634,16.599511781614755,17.119724938227286
2023-07-26,14.263951080099563,16.529528585037,17.0743283238624
2023-07-27,15.117504631627614,17.23495567442069,17.734456333437322
2023-07-28,15.432120915905015,17.176578367640328,17.528411351214622
2023-07-31,15.944050686522395,18.13297221004013,18.569027154548703
2023-08-01,17.198532026757363,18.59695491119605,18.86088756603685
2023-08-02,18.636668381517854,21.58377064350262,22.48196546888498
2023-08-03,16.17602590174599,19.640457364869427,20.658216781291618
2023-08-04,15.288453408911074,18.663052955179595,19.680089545094823
2023-08-07,15.00267699203873,18.26603780803492,19.22651979691717
2023-08-08,14.497095069650298,17.897987045746767,18.868607377021984
2023-08-09,14.375615836988468,18.083921438133956,19.097977856611138
2023-08-10,14.961311996225238,18.612472876519913,19.5322924477562
2023-08-11,14.400058031598437,18.200193467822203,19.174404131667547
2023-08-14,13.765469205182281,17.798654004410196,18.80510989126766
2023-08-15,16.070459769758216,20.235861564289944,21.310110894368968
2023-08-16,15.088908877327714,20.065471072872533,21.591310067707823
2023-08-17,14.932178203281959,19.886561825212024,21.369786685966204
2023-08-18,14.521402505793343,19.363584256112677,20.84329323480061
2023-08-21,14.298483597342829,19.158869040995175,20.652088958493184
2023-08-22,14.238546999449214,19.12103016386134,20.634043954486543
2023-08-23,14.485575576966149,19.249781521067437,20.727332844463938
2023-08-24,15.324734939077253,19.451905156583823,20.825155441273484
2023-08-25,15.497326464240265,19.40111405622896,20.734700931373894
2023-08-28,15.871753475585326,20.09976118230117,21.545390415245812
2023-08-29,15.992059695875785,20.74971542950265,22.368791223936633
2023-08-30,15.899031590863553,20.585324753677135,22.173875580846737
2023-08-31,15.522194248324606,19.995952324395493,21.524441481120686
2023-09-01,16.395113386068207,21.44695521474258,23.093762224771805
2023-09-06,16.147755464415305,20.790272770657694,22.346299363797353
2023-09-07,15.258844864861324,20.09902750435598,21.617295711554103
2023-09-08,15.538564659982882,20.197054215894518,21.657960650021664
2023-09-11,15.43220452020367,20.152875279113637,21.63776207547789
2023-09-12,15.737777846677927,20.777596278873613,22.281470082004954
2023-09-13,15.463377750776822,20.707822004346774,22.244283847144644
2023-09-14,17.045270549930798,22.608223811166063,24.31074392722298
2023-09-15,17.022833149175298,21.719715912466818,23.186166545680145
2023-09-18,16.763297882351594,21.214772758818988,22.62957621108146
2023-09-19,17.214111714466885,21.77216676764737,23.22766742772266
2023-09-20,15.665949105795244,19.71575975861857,21.14310716538762
2023-09-21,16.944505269326505,20.99357025562443,22.415550288659183
2023-09-22,16.82586965018413,20.789141543822335,22.18518894883791
2023-09-25,15.918280697887619,19.902918947766878,21.30242192120242
2023-09-26,18.450665261447433,20.77154982815248,21.8188857748585
2023-09-27,19.28437675810747,23.955930610876976,25.519836082411707
2023-09-28,17.0593276810878,20.556938990775418,21.7534410728757
2023-09-29,15.604928499971201,19.26844972332819,20.383086188034074
2023-10-02,19.197518595369875,22.787285266913027,23.81365168060122
2023-10-03,16.390179070475256,21.20573475620349,22.607092199418023
2023-10-04,17.784119594353175,20.97190017612592,21.902094773370358
2023-10-05,16.650960060281157,19.746404210410507,20.690932633737294
2023-10-06,19.296042082248597,22.22237992432199,22.975146829146134
2023-10-11,18.940625264015285,22.411070653231505,23.312383762598312
2023-10-12,20.24369219171047,23.434817722423993,24.091101892665066
2023-10-13,22.462502108061656,24.045651779263103,23.950846355702897
2023-10-16,23.01141462000156,24.13712327246386,23.77055416785968
2023-10-17,22.365202724831512,23.35820293129778,23.009206417868384
2023-10-18,22.67780674523645,23.237786467750155,22.770552890743808
2023-10-19,22.681935130442863,23.634047421988683,23.375366325277227
2023-10-20,23.84086158504882,25.495395135546435,25.502778685079637
2023-10-23,23.743869351682434,25.480063351837572,25.59449692308245
2023-10-24,24.795824899399253,26.09319560087699,26.019383020324476
2023-10-25,24.616308167114905,25.329279917651576,25.049274531893996
2023-10-26,24.206444742057258,25.025915659493613,24.826324778804153
2023-10-27,22.398145177783046,23.269005476696393,23.225092874434626
2023-10-30,22.65224374428998,23.082279445672217,22.983855026068767
2023-10-31,22.36597875512833,22.80496372171366,22.61311715006268
2023-11-01,21.594373045139918,22.019134490861273,21.842701385028608
2023-11-02,20.335581655795725,20.97978036921354,20.888741213916926
2023-11-03,19.66069787032892,20.194712618813877,19.974326205184333
2023-11-06,19.801708464772553,19.986682630541623,19.615123226169796
2023-11-07,24.06924436322704,25.648606575717974,25.430587700976382
2023-11-08,22.91666267626928,24.67690179545466,24.567859557959974
2023-11-09,22.956561874945713,24.652178724037302,24.410158766997306
2023-11-14,27.362932953094194,28.90918607413499,28.605734708267168
2023-11-15,26.87776603084682,28.31309895747275,27.975421894245265
2023-11-16,24.486824800989616,25.968193700602537,25.726427988995894
2023-11-17,22.431314363471596,23.96987368631471,23.950324212045913
2023-11-20,22.02995587352758,23.609343164025717,23.530763210336335
2023-11-21,22.092952389965685,23.83860332157366,23.781015268315116
2023-11-22,21.886069313245198,23.468959048826044,23.41371719696152
2023-11-27,21.71806656529477,23.26830139332522,23.219800589444702
2023-11-28,21.662488189005295,23.230459874259065,23.14660005248135
2023-11-29,21.074655108450678,22.6246034961976,22.56668413422078
2023-11-30,20.726852843719854,22.327082153360937,22.319583029692055
2023-12-01,20.066750768837473,21.168905122424615,21.026643798701237
2023-12-04,21.47076986313866,22.1262362622364,21.715852533866162
2023-12-05,21.50161937043884,22.200719376350754,21.76306703038484
2023-12-06,20.944328813942516,21.71353087283088,21.397243673722755
2023-12-07,20.4861781536365,21.39132359120538,21.148993654332156
2023-12-08,19.343569212927957,20.37375490430834,20.177358264360375
2023-12-11,18.922231867767987,19.74487480526441,19.48331370107547
2023-12-12,19.00177177302829,20.198891731342925,20.017311283566528
2023-12-13,23.408169411892334,23.760491811840296,23.250763056172275
2023-12-14,22.324773001530193,23.57778251586283,23.417690534635163
2023-12-15,22.114106907153346,23.555764800609854,23.516383706195466
2023-12-18,21.964212966453253,23.461358315261286,23.4026235179372
2023-12-19,22.775707488699585,23.88035779007229,23.59747536669937
2023-12-20,24.15607340001327,24.126888622782353,23.708181746021847
2023-12-21,24.218336714062293,23.829857642332584,23.321625453936278
2023-12-22,24.141086233131563,23.902292014330364,23.480475628329796
2023-12-27,23.80566671408841,23.50740404417976,23.099226027981036
2023-12-28,24.384100379722053,24.094853187672708,23.698423751278167
2023-12-29,24.488175707977845,24.156776942652144,23.732781511966557
2024-01-03,22.753198791669195,22.520786561594544,22.125772790313206
2024-01-04,22.359389048185378,22.48104485249049,22.11687438927374
2024-01-05,22.122109091482187,22.334807825226033,21.9788629196664
2024-01-08,22.282907414253174,22.570306806048237,22.271308349147503
2024-01-09,23.688290077118076,23.234332288349783,22.78446403126595
2024-01-10,23.2630861454638,22.20494307899147,21.629463009396353
2024-01-11,22.452212911598735,21.492002924953056,21.02293669974291
2024-01-12,29.379604885472283,29.05532196248684,28.191964182231306
2024-01-17,29.309495522478684,28.857490133195313,28.450784575566885
2024-01-18,29.39215314002383,28.675118935785576,28.11356133309566
2024-01-19,29.312535845883698,28.465459753322353,27.83316913301545
2024-01-22,28.518367930831616,27.632819395517004,26.93688024411585
2024-01-23,28.537027851440694,27.725764183220658,27.074160237838896
2024-01-24,28.79349048974073,27.932698891510867,27.28467234044258
2024-01-25,26.205769309455306,25.270780972352203,24.634039740352776
2024-01-26,25.75610905072016,24.843033377943183,24.229079642130134
2024-01-29,25.990957671901523,25.06072283171243,24.46420697800149
2024-01-30,25.64059459087905,24.65428045689933,24.093282659977092
2024-01-31,25.298740322629033,24.141967440174597,23.439404546901724
2024-02-01,26.140788819504518,24.572754773090864,23.76201754333912
2024-02-02,25.88127027163985,24.10709740309896,23.178483022648862
2024-02-05,26.33753376687786,24.832585899802872,23.878826232366386
2024-02-06,25.220775202713497,23.617479962922815,22.680921519279927
2024-02-07,25.18572910895206,23.54487302314552,22.57748154712681
2024-02-08,25.097631176142198,23.359262264761337,22.38056327523681
2024-02-09,24.54565816533979,22.87736254893076,21.90098440311434
2024-02-12,24.216192711395436,22.438579109089783,21.470449382823656
2024-02-13,26.04864993434609,23.51988787179408,22.35702224980108
2024-02-14,26.422705798233213,23.261795766400116,22.03652422234523
2024-02-15,25.622226068495962,22.821825130414926,21.698028832404884
2024-02-16,25.476911501912113,22.146160583863708,20.89250271880336
2024-02-21,24.452141796039907,21.157473601861827,19.92137920464295
2024-02-22,23.280444834551993,20.46689507244597,19.52450278568134
2024-02-23,22.50345148966385,20.051925291645947,19.2849746891767
2024-02-26,20.971946428359846,19.21364426413796,18.772800546983305
2024-02-27,19.983247369783165,18.780520281881106,18.468978436557173
2024-02-28,19.728662459405633,18.253407570999496,17.88926968494623
2024-02-29,19.95710022344257,18.36883669769148,17.9383947362199
2024-03-01,18.631190346514494,17.791978364905113,17.46781363209693
2024-03-04,17.477716544466084,16.787535326641574,16.65026811565844
2024-03-05,17.39832883541318,16.15226959820734,15.845128256619736
2024-03-06,18.359290673847884,17.034018162323452,16.690883304964807
2024-03-07,18.619549140523073,17.587204412409644,17.29789747722671
2024-03-08,18.296280603137937,17.31755724111864,17.05749849187279
2024-03-11,18.007159506991254,17.057519257585085,16.80992740559374
2024-03-12,17.004192214639946,16.317120397541583,16.061986933281823
2024-03-13,16.304810516755225,15.557547826053156,15.220837395632072
2024-03-14,17.26525674315663,15.984044727067698,15.497179155572521
2024-03-15,17.20393266624831,16.089928370031455,15.662894905909022
2024-03-18,17.120328415617582,15.858333558606363,15.394420798446498
2024-03-19,16.899758369498244,15.563940646257644,15.07309310191176
2024-03-20,17.339272045474072,16.25211364546231,15.826583436061433
2024-03-21,17.022367108848925,16.055133909075995,15.648260348086081
2024-03-22,17.097598243657444,16.187626648370728,15.77376894280266
2024-03-25,17.1987295184044,16.060147201791946,15.567888309723099
2024-03-26,16.874677823888305,15.641127436149851,15.13498287149582
2024-03-27,18.577592230651373,17.09416095562631,16.50969016721449
2024-03-28,18.486888960805015,17.437059274688767,16.935076283947055
2024-04-01,18.284501710500333,16.87342764615828,16.29195847512646
2024-04-02,17.468114081049997,15.861476482810566,15.220143727330079
2024-04-03,17.38949024115309,15.782558265298748,15.172397917925212
2024-04-04,18.238529987334765,16.606698201178936,15.989025460508005
2024-04-05,18.42966804763166,16.64586305646649,15.964287208286748
2024-04-08,18.34121323510519,16.76248310302014,16.17784353938151
2024-04-09,18.645391548886362,17.15549339314641,16.597622024277538
2024-04-10,20.127774435916198,17.862327013736152,17.14012364729924
2024-04-11,19.539140079577024,16.99131491250512,16.143302433751693
2024-04-12,22.13021342320813,17.766348531364685,16.46188630800345
2024-04-15,19.720937660726154,15.734463105993193,14.25856336428819
2024-04-16,18.474742084203562,14.610554552054447,13.218816876285866
2024-04-17,17.479171075743587,13.79317049448732,12.230505798212453
2024-04-18,17.368365700150534,13.513456395651499,11.904528643279095
2024-04-19,16.809995864554313,13.184171420643581,11.626125838348864
2024-04-22,13.976445755044233,10.674768023256675,9.269357338231758
2024-04-23,13.795449787144795,10.533003793215183,9.140129795631918
2024-04-24,13.380572066282722,10.248774951011537,8.941349421985235
2024-04-25,13.214693108367987,9.938720408357272,8.584173847516524
2024-04-26,11.741596335963338,8.734446102135207,7.5963618270932844
2024-04-29,12.477049195822989,9.287534183595527,8.076371317631036
2024-04-30,15.951784719483317,12.528581104003381,11.190312011231104
2024-05-01,16.53693606686514,12.734688479263879,11.621170653286278
2024-05-02,15.839061073272834,12.70217526757422,11.706208521652835
2024-05-03,16.24321050556989,12.830699531236647,11.750523529673002
2024-05-06,14.95729225814946,11.774801500067845,10.820396648979152
2024-05-07,14.08840586613252,11.309674845364864,10.4849481086592
2024-05-08,13.571424472899011,10.718866169822812,9.924552152804948
2024-05-09,13.808595201363968,10.739300461535544,9.902691156160511
2024-05-10,13.447782918948267,10.223663112315002,9.349233583695664
2024-05-13,12.723961231350838,9.648802981872441,8.80195492417721
2024-05-14,13.039788948622574,9.63232938301239,8.717678225012333
2024-05-15,14.064877518378562,10.951772488102161,10.055049910174509
2024-05-16,14.457494700254339,11.050548142439952,10.102019985330825
2024-05-17,13.895917533552351,10.845124085135412,9.98937594611169
2024-05-20,13.782043711578423,10.799525998866383,9.954281233005192
2024-05-21,13.128562719776756,10.17406564989874,9.299920242496363
2024-05-22,13.100624065826116,10.535763332518847,9.740969081245385
2024-05-23,16.059279484373786,15.352359758973616,15.018552585291115
2024-05-24,16.941610200504552,14.89387802161194,14.288610979162755
2024-05-29,18.726058758578766,16.179839935014993,15.457682711028975
2024-05-30,18.298799219681225,15.62885512525534,14.924465909511373
2024-05-31,18.056591703543244,15.309600383475521,14.42927836641995
2024-06-03,17.051442949856202,14.865324704995686,14.387751108043522
2024-06-04,17.338576246505156,15.178536733874529,14.577872667243325
2024-06-05,17.6759040696039,14.368296431179624,13.346643723028343
2024-06-06,17.294319391282638,14.093603363383586,13.121081554343172
2024-06-07,19.351498839852002,15.90763275234481,14.80506193238879
2024-06-10,18.84679823782572,14.411957903447234,13.01773214711805
2024-06-11,19.191901482248404,14.416620402332777,12.922961667651887
2024-06-12,18.839993222774762,13.98752029762888,12.443117504275376
2024-06-13,18.653465174255533,13.972764700244419,12.533029590617836
2024-06-14,17.865083278681674,13.380078365297146,11.990625177464244
2024-06-17,17.26944581581057,12.982760584013567,11.702190021640956
2024-06-18,17.370477706222466,13.092158459550083,11.821298454583324
2024-06-21,19.06894861334852,14.085201865366273,12.541815549649831
2024-06-24,18.670768506666054,13.505779638692502,11.95304184495124
2024-06-25,19.566713392839656,14.048076197721745,12.396309053226034
2024-06-26,19.00321863160499,13.43604936068162,11.816302420749501
2024-06-27,18.337430824527523,13.26311848592102,11.856719480556606
2024-06-28,17.386805780891038,12.488006962849944,11.153891065013498
2024-07-01,18.662151623644498,13.214833090635784,11.279782246878879
2024-07-02,17.10261484730895,13.14326500446483,11.987909246073981
2024-07-03,17.89698058783485,14.080499667359305,12.973516054891649
2024-07-08,17.4855920663253,13.759844734082147,12.680264219729539
2024-07-09,17.81200968687679,14.510456109483252,13.518614337485257
2024-07-10,18.076098004113287,14.83699960777237,13.838064677808873
2024-07-11,20.27080417143875,16.97385397943895,15.96548724707201
2024-07-12,20.097092241192094,17.444198705822426,16.558193609539497
2024-07-15,18.10388221869657,15.800731170826987,14.967608743110846
2024-07-16,17.909980125152558,15.042736086381122,14.097861249628963
2024-07-17,17.27166899528346,13.73017558319353,12.527880665441637
2024-07-18,17.840203891063346,14.264880809697466,13.096972128206522
2024-07-19,17.619234966330435,14.762201415109487,13.898458198179176
2024-07-22,16.910698633280198,14.061837723556042,13.198822883286251
2024-07-23,15.22426111603449,12.527573623402652,11.77253888011123
2024-07-24,14.21368068182011,11.672943474375879,10.849527257047177
2024-07-25,13.116685682738751,10.88557981344137,10.174789698308118
2024-07-26,13.49985990064707,10.983727574019909,10.236477780474996
2024-07-29,13.399323257021893,10.867376650789156,10.133452176909685
2024-07-30,12.677318618132913,10.234193517804767,9.535299410409175
2024-07-31,17.006644823203484,14.044311281850675,13.28881631490898
2024-08-01,16.641067815747665,13.924141703633355,13.24574089372784
2024-08-02,19.04209188945776,17.830007060133642,17.557102957702984
2024-08-05,21.941516589721825,21.35163239118009,21.154117710092653
2024-08-06,21.22971276043407,20.712571919082727,20.537040359508133
2024-08-07,20.08203359012616,19.409335325588835,19.194770292116306
2024-08-08,22.09657843327885,22.047184607823024,21.96247663853925
2024-08-09,22.086137787788903,22.158287888647344,22.07470026639328
2024-08-12,20.654366145269172,20.68828564766636,20.658821273660365
2024-08-13,19.168182770329885,19.607156179307673,19.630454081179902
2024-08-14,20.035552195498244,19.852288760807806,19.760944893420497
2024-08-15,20.298908347340134,20.06131504449202,19.8993995054645
2024-08-16,19.557631298053202,19.246977664428496,19.02607593246788
2024-08-19,18.668577646488068,18.17705050757095,17.874989664177658
2024-08-20,18.608538757706548,18.094264327076093,17.793903767161474
2024-08-21,18.20411359989221,17.57794902096691,17.27723832158221
2024-08-22,18.211680587038394,17.47318109807975,17.149606265616868
2024-08-23,19.20201390402558,18.3587000444168,17.958453184441638
2024-08-26,19.271501249918067,18.176333616493764,17.7830661563666
2024-08-27,19.01990142828679,17.86542976782018,17.541330875213212
2024-08-28,18.842609854774945,17.865388171916837,17.60373382650012
2024-08-29,19.980035550581036,18.837452678039156,18.526859253871784
2024-08-30,19.68501134659931,18.51254533629476,18.13265261200985
2024-09-04,19.65884414173885,18.37909328811848,17.974793420835223
2024-09-05,18.885425775732976,17.687335321280518,17.307556904505443
2024-09-06,21.277041296871378,20.284625008137887,19.98870186689927
2024-09-09,21.403643191080075,20.02756267714859,19.650654708146668
2024-09-10,21.12648380662776,19.800828602024577,19.34929128751338
2024-09-11,21.754402773677572,20.590617068123578,20.173560429284198
2024-09-12,22.565943872120396,22.00107609850365,21.6453269181489
2024-09-13,23.61381416690985,23.868330689388195,23.57078662134283
2024-09-16,23.471594395523443,24.085216674166666,23.896080011481665
2024-09-17,23.02528561650287,23.552782872955678,23.393478026931703
2024-09-18,23.824863016426402,24.13285911955596,23.92364301706147
2024-09-19,24.544197737513752,24.67207071072609,24.32871574962993
2024-09-20,23.810959058878257,24.81217585749533,24.54702831015493
2024-09-23,23.666205523363537,24.810763275360802,24.419826124255692
2024-09-24,23.264725117120445,25.003138982890473,24.7527304557322
2024-09-25,23.543172786857227,25.065375244904065,24.71929640825087
2024-09-26,22.486326120508117,23.362518051819517,22.958265413391896
2024-09-27,21.923966921350313,22.9188428114692,22.5813665519582
2024-09-30,21.68381974812538,22.428414457237537,22.044184744684493
2024-10-01,21.017942698441587,21.50680619920812,21.148244729254262
2024-10-02,20.58846769948815,21.091551616452545,20.710932117684884
2024-10-03,19.920957389648137,20.364010285580868,20.00179380577305
2024-10-04,19.7955384468775,20.129242360194876,19.66749756968259
2024-10-07,19.444502857620463,19.752915803752003,19.314228130281133
2024-10-08,20.73515710898747,21.07833353128865,20.62440356645029
2024-10-09,20.707224012814052,20.94281720321947,20.408209469267945
2024-10-10,21.697220664370253,21.98577846784747,21.355732688687365
2024-10-11,21.887580991366228,22.502361993162896,21.883914850256556
2024-10-16,21.87319056528529,22.387549246578185,21.711400645247632
2024-10-17,20.56025326068566,21.2792264195892,20.706757483813785
2024-10-18,20.30671106307653,20.46859125872369,19.743008089282167
2024-10-21,20.194584846487253,20.354627071900886,19.642578143706757
2024-10-22,19.74663038534765,19.824731812458992,19.12416394940518
2024-10-23,21.344698303841817,21.300310414773094,20.49394638853934
2024-10-24,20.8697193404224,20.783613780030826,20.035889507466166
2024-10-25,21.165912762599966,21.099717782578608,20.367015141696708
2024-10-28,21.007998638870095,20.71726086152793,20.02206743061695
2024-10-29,21.691004698699913,20.664772629128834,19.83898615362487
2024-10-30,20.895826426445822,19.36342531849703,18.520365391171286
2024-10-31,17.248000033105892,15.806922566436734,15.038561092817005
2024-11-01,18.417766661391788,17.598290624112707,16.98379647598747
2024-11-04,18.545905944431322,18.430884731434226,18.051725100115025
2024-11-05,19.22431095835339,19.601344900236874,19.23249147686273
2024-11-06,17.312579571483962,19.848424720929618,20.47203508922332
2024-11-07,19.238872333780655,20.05606766117477,19.98678488787781
2024-11-08,17.471515392486616,17.75364764245165,17.62074063659492
2024-11-13,17.516262213478242,17.716625962733378,17.54887765926895
2024-11-14,17.223496165381157,17.27095620954496,17.099650335704688
2024-11-15,17.211157257584052,17.519769508168938,17.43711276788418
2024-11-18,17.839191667982483,18.096482094188623,17.944776500281144
2024-11-19,17.598675038057245,18.189141248488543,18.124784840908326
2024-11-20,17.314839192849508,17.923640788315502,17.862081434927756
2024-11-21,18.916344258841075,20.098452877237776,20.108413231908116
2024-11-22,18.607538527068897,19.6437974344139,19.724878669610668
2024-11-25,19.466121372169354,19.68857168024256,19.622116416542344
2024-11-26,19.033384059206547,19.334126475163067,19.292564522746424
2024-11-27,18.644808964138466,18.98192714448566,18.956535841939303
2024-12-02,18.797120495954665,19.25828289342163,19.256811777585693
2024-12-03,18.934429919626414,19.45621925672458,19.45741788004649
2024-12-04,18.311379471376288,18.80592922860739,18.790262147509065
2024-12-05,18.32991769235297,18.94170270159143,18.95701353353981
2024-12-06,17.268611951408715,17.744053975589306,17.710808773509974
2024-12-09,16.279701009143235,16.55471921087355,16.49421396778178
2024-12-10,15.891910185703118,15.898010121326548,15.778862455508605
2024-12-11,15.896831703819291,16.146122894146433,16.065403589181162
2024-12-12,15.859957153890178,15.979560619713999,15.88096399633662
2024-12-13,14.780849998093725,14.746327973919787,14.609793369117583
2024-12-16,14.943179448735403,14.804508754894583,14.645538726278698
2024-12-17,15.082120582232317,15.166784953343196,15.093745739321626
2024-12-18,15.60289735344676,16.72029035811602,17.013380036528478
2024-12-19,15.336236544965434,16.613081178754932,16.958113896920846
2024-12-20,14.94493441624802,15.891735974015422,16.138312910451134
2024-12-23,14.61993988955938,15.581729600280307,15.823274480025368
2024-12-24,14.112647994049254,15.05797896904977,15.2934146322531
2024-12-26,13.81127846937353,14.766306336377562,15.029633134324492
2024-12-27,13.892850623909784,14.905979152428165,15.190623942756732
2024-12-30,14.379928009681322,14.80046100671126,14.925369408122236
2024-12-31,14.31371468713836,14.672811298135663,14.788378955491257
