date,ai,electricity,coal,gas,wti,gold
2020-01-02,1181.68,1877.3,46.5,2.05,61.17,1528.94
2020-01-03,1173.16,1879.88,46.41,2.06,63,1551.65
2020-01-06,1172.65,1883.43,46.22,2.1,63.27,1565.96
2020-01-07,1173.2,1879.72,45.79,2.17,62.7,1573.99
2020-01-08,1186.45,1879.52,45.23,2.09,59.65,1555.81
2020-01-09,1198.23,1890.64,43.93,2.05,59.56,1552.37
2020-01-10,1193.99,1895.51,43.4,2.05,59.02,1562.28
2020-01-13,1216.79,1907.18,44.89,2.03,58.17,1548.3
2020-01-14,1217.05,1912.26,45.07,2.15,58.34,1546.37
2020-01-15,1224.46,1938.56,43.89,2.01,57.86,1556.19
2020-01-16,1242.92,1949.93,44.79,2.06,58.52,1552.79
2020-01-17,1241.23,1964.35,43.52,2.07,58.55,1556.61
2020-01-20,,,,,,1561.58
2020-01-21,1240.24,1979.23,41.46,1.98,58.25,1558.02
2020-01-22,1241.52,1986.4,40.9,1.89,56.76,1558.91
2020-01-23,1246.82,2003.86,39.99,1.95,55.51,1563.33
2020-01-24,1232.84,2011.05,38.64,1.91,54.09,1570.65
2020-01-27,1198.02,2005.17,37.97,2.03,53.09,1581.95
2020-01-28,1217.14,2013.39,37.06,1.96,53.33,1566.24
2020-01-29,1209.51,2020.54,36.74,1.93,53.29,1577.12
2020-01-30,1212.32,2038.07,36.72,1.94,52.19,1574.22
2020-01-31,1188.41,2026.7,35.97,1.91,51.58,1590.2
2020-02-03,1212.32,2033.07,36.67,1.9,50.06,1576.45
2020-02-04,1250.81,2012.77,39.12,1.89,49.59,1552.55
2020-02-05,1248.85,2021.46,42.88,1.89,50.87,1556.7
2020-02-06,1252.59,2019.75,41.53,1.86,50.94,1566.85
2020-02-07,1229.12,2015.18,39.69,1.93,50.34,1570.29
2020-02-10,1240.55,2023.38,39.07,1.85,49.59,1572.3
2020-02-11,1252.7,2031.58,39.42,1.85,50,1567.72
2020-02-12,1268.6,2030.33,39.14,1.91,51.13,1565.63
2020-02-13,1272.54,2050.35,39.49,1.95,51.41,1576.39
2020-02-14,1269.33,2060.97,38.62,1.93,52.03,1584.7
2020-02-17,,,,,,1581.1
2020-02-18,1265.68,2079.87,38.45,2.04,52.1,1601.91
2020-02-19,1280.82,2056.05,38.78,2.01,53.31,1611.64
2020-02-20,1280.45,2066.26,36.43,1.98,53.77,1619.7
2020-02-21,1251.48,2060.62,35.4,1.96,53.36,1643.7
2020-02-24,1204.9,2035.79,34.7,1.94,51.36,1660.72
2020-02-25,1170.93,1993.27,33.73,1.93,49.78,1635.38
2020-02-26,1169.99,1970.84,31.26,1.96,48.67,1639.96
2020-02-27,1117.68,1873.17,32.16,1.78,47.17,1642.35
2020-02-28,1118.29,1807.09,32.47,1.79,44.83,1585.12
2020-03-02,1150.25,1917.32,31.51,1.75,46.78,1590.73
2020-03-03,1122.83,1894.55,31.07,1.78,47.27,1639.77
2020-03-04,1155.89,2000.72,31.52,1.83,46.78,1635.83
2020-03-05,1119.23,1969.45,29.81,1.89,45.9,1670.61
2020-03-06,1081.68,1952.74,28.5,1.76,41.14,1674.23
2020-03-09,989.15,1839.66,23.81,1.74,31.05,1680.2
2020-03-10,1034.55,1859.52,24.78,1.91,34.47,1649.36
2020-03-11,984.28,1759.82,22.31,1.96,33.13,1635.03
2020-03-12,886.44,1580.2,19.22,1.82,31.56,1577.09
2020-03-13,954.25,1665.9,23.64,1.94,31.72,1529.7
2020-03-16,841.81,1473.16,23.54,1.89,28.96,1514.61
2020-03-17,879.67,1663.36,26.9,1.89,26.96,1528.58
2020-03-18,813.56,1580.87,22.3,1.73,20.48,1486.3
2020-03-19,839.44,1507.64,22.77,1.68,25.09,1471
2020-03-20,815.58,1389.75,21,1.76,19.48,1498.24
2020-03-23,813.81,1315.65,20.06,1.7,23.33,1553.81
2020-03-24,898.23,1462.39,20.47,1.73,21.03,1622.03
2020-03-25,908.91,1493.26,20.47,1.8,20.75,1613.79
2020-03-26,963,1619.94,19.48,1.73,16.6,1632.38
2020-03-27,923.82,1629.02,18,1.7,15.48,1623.5
2020-03-30,951.18,1689.67,18.32,1.65,14.1,1623.3
2020-03-31,943.81,1625.38,19.13,1.71,20.51,1571.31
2020-04-01,889.39,1525.19,19.81,1.69,20.28,1595.05
2020-04-02,895.02,1571.53,20.77,1.55,25.18,1613.79
2020-04-03,875.88,1514.28,19.51,1.5,28.36,1618.45
2020-04-06,955.02,1631.99,21.08,1.64,26.21,1663
2020-04-07,957.75,1615.36,20.3,1.83,23.54,1648.95
2020-04-08,988.8,1702.4,20.5,1.86,24.97,1646.52
2020-04-09,993.68,1778.06,21.64,1.74,22.9,1684.07
2020-04-10,,1778.06,21.64,,,1689.9
2020-04-13,994.74,1719.13,22.15,1.86,22.36,1714.32
2020-04-14,1033.98,1768.81,22.91,1.76,20.15,1729.7
2020-04-15,1012.94,1706.69,20.68,1.68,19.96,1716.6
2020-04-16,1027.36,1706.47,19.36,1.59,19.82,1718.4
2020-04-17,1052.98,1766.24,19.7,1.71,18.31,1684.69
2020-04-20,1048.36,1697.97,19.46,1.78,-36.98,1694.12
2020-04-21,1011.05,1669.24,18.86,1.92,8.91,1687.02
2020-04-22,1038.59,1721.01,19.26,1.9,13.64,1714.82
2020-04-23,1038.92,1690.27,18.17,1.86,15.06,1731.59
2020-04-24,1055.22,1700.15,16.77,1.81,15.99,1729.43
2020-04-27,1085.29,1723.17,17.02,1.68,12.17,1715.57
2020-04-28,1086.92,1727.44,18.89,1.8,12.4,1708.63
2020-04-29,1133.91,1712.4,20.96,1.73,15.04,1712.38
2020-04-30,1109.76,1674.05,21.24,1.63,19.23,1685.05
2020-05-01,1063.53,1631.85,19.81,1.69,19.72,1700.41
2020-05-04,1075.96,1643.54,21.51,1.78,20.47,1701.69
2020-05-05,1095.9,1660.05,19.99,1.93,24.56,1707.17
2020-05-06,1105.65,1603.83,19.25,1.9,23.88,1685.88
2020-05-07,1126.84,1608.77,19.41,1.84,23.68,1717.94
2020-05-08,1143.05,1648.77,23.7,1.74,24.73,1702.65
2020-05-11,1145.32,1637.35,22.85,1.7,24.02,1697.35
2020-05-12,1109.95,1622.27,21.28,1.61,25.76,1702.72
2020-05-13,1084.49,1606.38,19.49,1.56,25.37,1715.99
2020-05-14,1094.48,1623.7,19.79,1.6,27.4,1730.65
2020-05-15,1105.73,1597.97,20.06,1.66,29.44,1743
2020-05-18,1156.03,1667.75,22.23,1.77,31.83,1732.32
2020-05-19,1159.79,1635.76,21.84,1.85,32.3,1745.11
2020-05-20,1180.73,1649.52,22.8,1.83,33.56,1749.5
2020-05-21,1170.76,1632.74,22.59,1.75,34.3,1726.34
2020-05-22,1176.38,1651.75,22.03,1.7,33.49,1736.07
2020-05-25,,1651.75,22.03,,,1729.57
2020-05-26,1202.73,1666.58,22.67,1.79,34.7,1712.45
2020-05-27,1216.04,1687.47,23.45,1.78,32.8,1709.25
2020-05-28,1205.58,1738.26,23.43,1.79,33.67,1719.4
2020-05-29,1216.2,1752.59,22.51,1.7,35.57,1728.3
2020-06-01,1228.4,1768.93,22.29,1.59,35.49,1740.34
2020-06-02,1243.45,1777.04,22.36,1.58,36.88,1727.97
2020-06-03,1265.03,1800.27,23.36,1.84,37.33,1698.63
2020-06-04,1254.82,1763.39,24.26,1.68,37.42,1711.84
2020-06-05,1278.02,1788.55,26.9,1.8,39.49,1685.83
2020-06-08,1289.01,1838.72,29.63,1.68,38.17,1695.47
2020-06-09,1278.78,1799.2,28.57,1.68,38.98,1714.57
2020-06-10,1279.72,1789.01,26.85,1.72,39.54,1737.1
2020-06-11,1196.61,1710.85,23.17,1.77,36.43,1727.51
2020-06-12,1216.12,1708.41,23.61,1.67,36.24,1730.8
2020-06-15,1242.61,1719.09,24.06,1.64,37.07,1725.53
2020-06-16,1266.57,1729.08,24.69,1.43,38.26,1727.46
2020-06-17,1264.6,1723,23.22,1.55,37.91,1727.04
2020-06-18,1267.14,1723.19,22.19,1.51,38.79,1722.99
2020-06-19,1264.94,1673.78,22.06,1.49,39.72,1743.62
2020-06-22,1275.82,1697.46,22.59,1.64,40.6,1755.44
2020-06-23,1278.91,1677.67,22.19,1.61,40.4,1767.54
2020-06-24,1245.31,1659.83,22.22,1.64,37.91,1762.43
2020-06-25,1262.81,1641.79,22.13,1.53,38.66,1761.82
2020-06-26,1246.65,1621,21.08,1.42,38.53,1771.47
2020-06-29,1261.07,1650.94,21.73,1.67,39.67,1772.28
2020-06-30,1285.1,1658.61,21.43,1.76,39.27,1781.66
2020-07-01,1282.16,1694.29,20.74,1.69,39.88,1770.32
2020-07-02,1300.04,1698.76,20.95,1.58,40.57,1776.13
2020-07-03,,,,,,1775.05
2020-07-06,1327.78,1676.31,21.63,1.71,40.51,1783.9
2020-07-07,1315.12,1672.69,21.18,1.76,40.59,1795.26
2020-07-08,1327.05,1691.52,20.91,1.78,40.91,1810.78
2020-07-09,1334.98,1669.47,20.54,1.88,39.64,1803.19
2020-07-10,1337.22,1702.68,21.47,1.79,40.56,1798.89
2020-07-13,1305.9,1702.49,21.07,1.75,40.06,1803.39
2020-07-14,1324.71,1722.37,21.51,1.74,40.3,1807.78
2020-07-15,1340.13,1718.03,22.23,1.76,41.2,1811.9
2020-07-16,1326.72,1741.91,22.2,1.79,40.74,1797.05
2020-07-17,1339.53,1782.2,22.17,1.79,40.55,1809.9
2020-07-20,1373.01,1758.63,21.85,1.71,40.83,1816.09
2020-07-21,1366.23,1763.72,22.27,1.66,41.76,1842.22
2020-07-22,1366.45,1786.9,21.64,1.69,41.88,1872.07
2020-07-23,1356.34,1788.85,22.46,1.75,40.99,1887.44
2020-07-24,1327.24,1778.46,23.06,1.77,41.23,1901.46
2020-07-27,1355.45,1756.32,22.94,1.85,41.46,1942.42
2020-07-28,1336.14,1778.92,22.65,1.83,40.89,1959.5
2020-07-29,1362.8,1784.22,23.64,1.77,41.13,1970.73
2020-07-30,1358.1,1785.97,23.12,1.81,39.85,1960.5
2020-07-31,1354.4,1788.12,22.88,1.83,40.1,1975.89
2020-08-03,1376.63,1768.09,23.24,1.95,40.83,1977.25
2020-08-04,1380.78,1787.69,22.91,2.07,41.67,2018.52
2020-08-05,1391.8,1763.68,22.42,2.23,42.25,2040.4
2020-08-06,1389.85,1771.79,21.51,2.26,41.93,2063.81
2020-08-07,1374.35,1802.58,21.36,2.15,41.16,2035.03
2020-08-10,1370.56,1801.72,22.9,2.18,41.94,2027.77
2020-08-11,1355.27,1762.72,23.11,2.19,41.53,1911.64
2020-08-12,1379.61,1790.12,22.66,2.05,42.6,1918.07
2020-08-13,1387.61,1786.35,22.19,2.19,42.26,1954
2020-08-14,1380.21,1769.18,23.04,2.23,42.05,1944.29
2020-08-17,1399.54,1765.23,22.91,2.32,42.89,1986.2
2020-08-18,1396.47,1760.04,22.88,2.45,42.89,2001.2
2020-08-19,1387.72,1755.41,22.12,2.43,42.91,1929.82
2020-08-20,1392.51,1737.66,21.75,2.35,42.62,1943.6
2020-08-21,1391.4,1742.38,21.06,2.39,42.32,1940.16
2020-08-24,1402.69,1760.58,21.66,2.57,42.44,1933.09
2020-08-25,1421.31,1744.3,21.85,2.54,43.17,1928.19
2020-08-26,1450.78,1723.85,21.98,2.52,43.21,1954.03
2020-08-27,1444.61,1731.48,22.09,2.52,42.88,1929.2
2020-08-28,1458.33,1738.39,23.21,2.46,42.96,1964.89
2020-08-31,1465.26,1742.25,23.3,2.3,42.61,1970.15
2020-09-01,1495.33,1723.16,23.54,2.22,42.76,1970.49
2020-09-02,1516.15,1775.98,23.4,2.15,42.76,1942.98
2020-09-03,1430.9,1749.22,23.63,2.32,41.39,1930.85
2020-09-04,1406.99,1737.58,24.71,1.8,39.69,1932.85
2020-09-07,,,,,,1929.18
2020-09-08,1351.79,1730.54,23.72,2.35,36.87,1931.26
2020-09-09,1388.23,1750.02,23.94,2.21,38.05,1946.66
2020-09-10,1367.89,1717.78,24.04,2.13,37.25,1954.07
2020-09-11,1366.74,1722.89,25.26,1.93,37.33,1941.5
2020-09-14,1398.51,1748.87,26.48,2.18,37.23,1956.37
2020-09-15,1420.04,1764.53,26.81,2.19,38.29,1955.52
2020-09-16,1409.79,1757.09,27.73,2.06,40.17,1959.32
2020-09-17,1395.08,1741.83,29.65,1.65,40.99,1942.6
2020-09-18,1389.13,1712.16,31.28,1.56,41.09,1949.69
2020-09-21,1368.55,1700.89,28.74,1.33,39.26,1912.57
2020-09-22,1381.03,1712.68,28.76,1.49,39.55,1899.28
2020-09-23,1348.3,1687.99,26.9,1.74,39.92,1863.55
2020-09-24,1349.11,1707.66,26.55,1.93,40.11,1868.04
2020-09-25,1375.07,1735.53,26.29,1.9,40.06,1860.05
2020-09-28,1400.5,1743.34,26.82,1.83,40.47,1880.85
2020-09-29,1408.16,1743.24,25.02,1.74,39.03,1897.69
2020-09-30,1412.25,1751.05,24.43,1.66,40.05,1885.44
2020-10-01,1431.81,1766.7,24.37,1.6,38.51,1905.05
2020-10-02,1412.17,1787.22,25.24,1.41,36.9,1898.7
2020-10-05,1444.37,1813.53,25.63,1.92,39.12,1912.9
2020-10-06,1438.16,1832.78,24.54,1.86,40.52,1877.13
2020-10-07,1475.28,1846.68,24.06,2.01,39.82,1887.22
2020-10-08,1491.13,1876.94,24.49,1.49,41.04,1893.09
2020-10-09,1516.94,1875.25,23.59,2.25,40.44,1929.43
2020-10-12,1531.87,1886.35,23.07,2.31,39.22,1921.95
2020-10-13,1530.67,1873.51,22.19,2.14,40.03,1890.82
2020-10-14,1531.96,1869.62,22.5,2.02,40.86,1900.89
2020-10-15,1532.85,1869.34,22.2,2.23,40.84,1907.82
2020-10-16,1535.92,1891.76,21.91,2.16,40.7,1898.97
2020-10-19,1522.38,1873.81,21.31,2.3,40.69,1904.27
2020-10-20,1519.7,1885.75,21.81,2.57,41.37,1906.39
2020-10-21,1510.11,1878.33,21.65,2.95,39.88,1924.49
2020-10-22,1520.48,1906.26,21.62,2.99,40.46,1904.04
2020-10-23,1524.93,1912.2,22.12,2.91,39.73,1900.79
2020-10-26,1478.94,1910.98,21.71,3.14,38.39,1901.69
2020-10-27,1481.61,1907.37,21.39,3.07,39.34,1906.83
2020-10-28,1434.39,1850.34,20.48,3.14,37.27,1877.06
2020-10-29,1462.25,1852.45,19.63,3.06,35.94,1867.13
2020-10-30,1431.94,1832.96,19.89,3.03,35.64,1877.95
2020-11-02,1447.28,1874.35,20.88,3.03,36.6,1895.1
2020-11-03,1485.93,1902.25,20.99,2.88,37.44,1908.36
2020-11-04,1517.25,1871.55,19.74,2.63,38.97,1903.21
2020-11-05,1568.39,1893.78,20.26,2.69,38.56,1948.56
2020-11-06,1577.44,1890.01,20.62,2.67,36.97,1951.51
2020-11-09,1586.28,1922.26,21.7,2.63,40.05,1861.86
2020-11-10,1566.01,1948.19,20.55,2.74,41.18,1876.5
2020-11-11,1589.32,1959.11,20.7,2.75,41.23,1864.71
2020-11-12,1578.93,1926.33,20.27,2.81,40.9,1875.76
2020-11-13,1594.52,1945.53,21.34,2.82,39.93,1888.04
2020-11-16,1615.57,1964.42,22.65,2.62,41.14,1888.52
2020-11-17,1620.08,1929.43,22.77,2.55,41.24,1878.6
2020-11-18,1614.4,1892.06,22.09,2.37,41.64,1871.41
2020-11-19,1648.41,1873.37,21.93,2.19,41.57,1867.37
2020-11-20,1656.53,1872.03,21.81,2.22,41.99,1870.49
2020-11-23,1680.9,1872.12,23.91,2.23,42.91,1835.85
2020-11-24,1705.48,1894.77,25.17,2.47,44.71,1807.51
2020-11-25,1730.03,1898.14,24.5,2.47,45.58,1805.3
2020-11-26,,1898.14,24.5,,,1810.57
2020-11-27,1755.54,1881.69,24.86,,,1788.13
2020-11-30,1741.31,1851.65,23.24,2.89,45.2,1777.02
2020-12-01,1748.04,1865.47,23.43,2.89,44.54,1814.87
2020-12-02,1754.66,1875.59,24.92,2.75,45.23,1831.01
2020-12-03,1762.24,1853.63,24.62,2.46,45.65,1840.36
2020-12-04,1807.76,1839.73,25.23,2.48,46.23,1837.61
2020-12-07,1814.32,1849.2,25.65,2.39,45.72,1863.69
2020-12-08,1823.34,1846.32,26.85,2.36,45.64,1871.36
2020-12-09,1795.39,1839.87,26.85,2.45,45.48,1839.11
2020-12-10,1809.49,1829.67,29.6,2.45,46.76,1835.31
2020-12-11,1805.9,1833.44,28.13,2.54,46.59,1839.03
2020-12-14,1809.18,1821.62,29.24,2.69,47.02,1827.17
2020-12-15,1831.45,1861.05,29.77,2.63,47.58,1853.46
2020-12-16,1835.98,1840.84,29.38,2.73,47.86,1864.15
2020-12-17,1861.15,1852.76,28.64,2.7,48.34,1885.87
2020-12-18,1858.19,1838.78,27.32,2.73,49.04,1880.66
2020-12-21,1858.65,1821.93,27.76,2.68,47.79,1876.21
2020-12-22,1878.85,1821.75,27.18,2.76,47.02,1859.56
2020-12-23,1882.85,1819.88,27.36,2.76,47.94,1872.08
2020-12-24,1877.35,1831.33,26.45,2.68,48.18,1876.56
2020-12-25,,1831.33,26.45,,,1875.82
2020-12-28,1871.73,1839.5,27.8,2.39,47.5,1871.19
2020-12-29,1853.78,1835.85,27.47,2.4,47.85,1877.99
2020-12-30,1877.77,1848.11,28.59,2.36,48.24,1893.37
2020-12-31,1874.94,1877.92,28.87,2.39,48.35,1896.49
2021-01-01,,1877.92,28.87,,,1898.1
2021-01-04,1856.98,1828.98,30.32,2.6,47.47,1942.28
2021-01-05,1883.42,1832.74,31.9,2.77,49.78,1949.35
2021-01-06,1884.06,1893.17,32.93,2.76,50.45,1918.81
2021-01-07,1975.75,1878.48,32.77,2.81,50.63,1912.5
2021-01-08,2006.71,1899.83,32.43,2.77,52.14,1848.26
2021-01-11,2010.89,1881.77,33.09,2.71,52.15,1844.66
2021-01-12,2004.56,1872.33,34.43,2.89,53.08,1855.63
2021-01-13,1998.68,1902.01,34.1,2.82,52.81,1843.41
2021-01-14,2059.89,1893.53,35.17,2.82,53.47,1846.37
2021-01-15,2026.32,1907.09,34.47,2.86,52.25,1826.59
2021-01-18,,1907.09,34.47,,,1836.89
2021-01-19,2088.86,1904.78,35.54,2.65,52.87,1839.34
2021-01-20,2122.61,1912.83,35.2,2.57,53.16,1870.91
2021-01-21,2128.11,1905.6,33.65,2.49,53,1869.91
2021-01-22,2143.29,1909.61,34.01,2.45,52.28,1852.55
2021-01-25,2170.94,1936.58,32.81,2.63,52.78,1854.99
2021-01-26,2166.39,1912.65,32.84,2.73,52.61,1850.31
2021-01-27,2164.34,1851.9,33.75,2.77,52.81,1843.99
2021-01-28,2112.26,1877.85,34.25,2.76,52.26,1840.36
2021-01-29,2063.85,1860.99,32.91,2.68,52.16,1846.09
2021-02-01,2125.64,1873.79,33.87,2.88,53.55,1860.16
2021-02-02,2135.41,1893.1,34.42,3.24,54.77,1837.35
2021-02-03,2156.81,1889.93,34.11,3.01,55.67,1833.76
2021-02-04,2183.84,1901.15,32.96,2.99,56.19,1792.26
2021-02-05,2217.57,1914.12,33.24,3.49,56.8,1811.62
2021-02-08,2272.47,1904.98,34.91,3.4,57.95,1830.16
2021-02-09,2289.16,1907.4,33.34,3.35,58.34,1837.06
2021-02-10,2273.48,1913.71,32.53,3.76,58.69,1842.22
2021-02-11,2283.25,1908.37,33.05,6.5,58.22,1825.36
2021-02-12,2306.32,1893.57,34.31,6.12,59.5,1823.46
2021-02-15,,1893.57,34.31,,,1818.51
2021-02-16,2292.29,1868.95,34.81,11.32,60.07,1794.31
2021-02-17,2251.07,1867.61,34.92,23.86,61.09,1776.26
2021-02-18,2217.29,1874.12,34.08,8.56,60.4,1775.49
2021-02-19,2250.23,1846.29,34.99,4.96,59.12,1782.31
2021-02-22,2188.81,1806.64,36.91,3.16,61.67,1808.66
2021-02-23,2151.04,1818.21,39.75,2.94,61.66,1805.06
2021-02-24,2188.8,1803.33,40.55,2.8,63.21,1804.36
2021-02-25,2101.89,1782.21,34.46,2.72,63.43,1769.88
2021-02-26,2109.51,1747.22,33.3,2.66,61.55,1733.49
2021-03-01,2180.54,1788.05,33.33,2.7,60.54,1723.84
2021-03-02,2112.73,1779.93,33.86,2.87,59.7,1738.09
2021-03-03,2049.34,1754.74,34.43,2.86,61.33,1710.95
2021-03-04,1979.53,1750.49,32.8,2.79,63.81,1697.19
2021-03-05,1996.25,1773.97,34.18,2.72,66.08,1700.86
2021-03-08,1930.81,1797.05,33.83,2.67,65.03,1681.24
2021-03-09,2010.73,1825.47,34.18,2.62,64.02,1715.36
2021-03-10,2019.63,1839.42,34.42,2.62,64.45,1726.05
2021-03-11,2095.91,1836.99,34.64,2.7,66.02,1721.41
2021-03-12,2087.66,1858.71,34.24,2.65,65.59,1726.41
2021-03-15,2117.24,1882.62,33.73,2.58,65.36,1731.84
2021-03-16,2094.72,1879.76,32.54,2.5,64.82,1730.94
2021-03-17,2112.06,1845.58,33.85,2.6,64.55,1744.44
2021-03-18,2037.32,1832.22,32.63,2.45,59.95,1736.41
2021-03-19,2040.4,1838.77,32.27,2.53,61.43,1744.74
2021-03-22,2061.23,1835.93,30.91,2.55,61.48,1738.69
2021-03-23,2011.85,1858.63,28.83,2.56,57.75,1727.11
2021-03-24,1960.54,1857.13,28.17,2.56,61.12,1734.19
2021-03-25,1971.83,1874.91,28.44,2.52,58.47,1726.82
2021-03-26,2011.02,1886.47,30.18,2.52,60.93,1731.97
2021-03-29,1973.39,1898.89,29.5,2.58,61.49,1711.99
2021-03-30,1987.3,1886.25,28.99,2.55,60.55,1684.8
2021-03-31,2020.41,1901.17,30.11,2.52,59.19,1707.01
2021-04-01,2061.65,1901.37,29.82,2.52,61.41,1730.18
2021-04-02,,1901.37,29.82,,,1728.84
2021-04-05,2087.92,1919.75,30.64,2.43,58.73,1728.44
2021-04-06,2084.58,1929.19,30.95,2.44,59.34,1743.57
2021-04-07,2053.51,1924.21,31.37,2.43,59.77,1737.28
2021-04-08,2080.22,1923.36,30.73,2.47,59.61,1755.94
2021-04-09,2083.15,1921.24,30,2.48,59.29,1743.1
2021-04-12,2073.83,1922,29.83,2.5,59.7,1732.51
2021-04-13,2093.37,1945.29,30.53,2.57,60.2,1743.83
2021-04-14,2081.39,1951.82,32.63,2.65,63.15,1736
2021-04-15,2100.59,1970.22,33.25,2.62,63.42,1763.21
2021-04-16,2096.62,1987.28,32.75,2.63,63.16,1776.31
2021-04-19,2058.84,1973.66,32.22,2.75,63.33,1769.31
2021-04-20,2032.3,1995.26,30.91,2.76,62.61,1777.25
2021-04-21,2079.01,1979.69,31.87,2.72,61.34,1793.46
2021-04-22,2067.89,1965.62,31.9,2.77,61.45,1783.94
2021-04-23,2104.61,1964.95,32.06,2.79,62.18,1777.18
2021-04-26,2136.53,1955.25,33.18,2.73,62.02,1780.19
2021-04-27,2122.27,1940.56,33.05,2.91,63.03,1776.69
2021-04-28,2110.44,1937.35,33.37,2.98,63.81,1781.32
2021-04-29,2083.18,1952.76,31.4,2.91,65,1771.24
2021-04-30,2050.89,1964.8,29.95,2.86,63.5,1768.59
2021-05-03,2021.29,1962.53,32.65,2.96,64.46,1792.36
2021-05-04,1978.88,1950.35,33.45,3,65.72,1778.48
2021-05-05,1977.43,1914.85,34.81,2.99,65.63,1786.44
2021-05-06,1972.8,1929.57,34.54,2.9,64.73,1815.18
2021-05-07,1992.42,1934.16,35.09,2.9,64.96,1830.48
2021-05-10,1931.21,1943.64,36.32,2.93,64.92,1835.44
2021-05-11,1944.74,1923.41,37.9,2.91,65.31,1836.94
2021-05-12,1884.18,1874.78,36.96,2.91,65.96,1815.44
2021-05-13,1887.68,1908.67,36.04,2.95,63.82,1826.57
2021-05-14,1935.77,1918.54,36.46,2.95,65.32,1842.19
2021-05-17,1922.65,1899.82,40.75,2.99,66.24,1866.13
2021-05-18,1927.79,1900.18,37.82,2.96,65.49,1868.22
2021-05-19,1927.5,1900.85,37.2,2.88,63.28,1869.57
2021-05-20,1962.83,1916.48,37.07,2.86,61.95,1876.69
2021-05-21,1962.72,1926.47,36.8,2.84,63.61,1880.3
2021-05-24,1985.54,1923.13,37.72,2.78,66.13,1881.07
2021-05-25,1988.13,1896.9,36.15,2.87,66.27,1899.26
2021-05-26,2011.14,1897.34,37.25,2.91,66.41,1896.44
2021-05-27,2025.43,1885.95,40.81,2.85,66.87,1896.08
2021-05-28,2026.93,1895,40.61,2.91,66.31,1902.64
2021-05-31,,1895,40.61,,,1906.36
2021-06-01,2036.18,1881.55,42.94,3.02,67.8,1900.19
2021-06-02,2054.16,1890.65,42.79,3.09,68.79,1907.94
2021-06-03,2033.36,1899.62,43.93,3.01,68.81,1870.57
2021-06-04,2059.79,1897.3,44.31,3.01,69.57,1889.97
2021-06-07,2072.34,1901.11,42.12,2.98,69.21,1899
2021-06-08,2081.52,1887.69,44.07,3.11,70.11,1892.82
2021-06-09,2064.87,1900.83,44.25,3.13,69.9,1888.3
2021-06-10,2081.48,1916.45,44.8,3.13,70.34,1898.14
2021-06-11,2096.28,1920.98,44.92,3.23,71,1876.64
2021-06-14,2111.03,1922.65,44.03,3.36,70.94,1865.99
2021-06-15,2093.82,1925.89,43.6,3.31,72.06,1858.69
2021-06-16,2082.67,1900.73,43.11,3.25,72.03,1811.95
2021-06-17,2102.34,1911.29,40.63,3.24,71.06,1773.31
2021-06-18,2076.24,1862.15,40.62,3.23,71.64,1763.34
2021-06-21,2096.13,1886.42,40.3,3.15,73.64,1782.95
2021-06-22,2121.21,1876.18,41.3,3.21,73.15,1778.51
2021-06-23,2131.71,1859.78,42.75,3.36,73.11,1778.73
2021-06-24,2152.07,1857.76,44.78,3.3,73.31,1775.18
2021-06-25,2157.99,1881,43.51,3.4,74.21,1780.34
2021-06-28,2179.89,1896.18,41.08,3.62,72.98,1778.18
2021-06-29,2181.86,1866.2,40.8,3.75,73.14,1761.09
2021-06-30,2166.74,1863.04,43.26,3.79,73.52,1769.8
2021-07-01,2159.7,1883.86,43.87,3.76,75.33,1776.6
2021-07-02,2154.95,1885.09,44.03,3.67,75.37,1786.79
2021-07-05,,1885.09,44.03,,,1791.61
2021-07-06,2151.37,1892.72,41.74,3.68,73.62,1796.69
2021-07-07,2130.13,1900.89,45.52,3.66,72.22,1803.41
2021-07-08,2112.87,1893.45,44.7,3.56,72.98,1802.56
2021-07-09,2140.68,1897.76,47.27,3.71,74.56,1807.98
2021-07-12,2132.78,1901.1,46.98,3.7,74.21,1805.88
2021-07-13,2115.83,1883.84,45.95,3.78,75.24,1807.44
2021-07-14,2095.19,1896.23,47.04,3.8,73.06,1827.06
2021-07-15,2073.2,1917.2,46.21,3.68,71.67,1829.19
2021-07-16,2049.15,1934.18,43.23,3.7,71.76,1810.89
2021-07-19,2040.75,1901.88,42.03,3.75,66.45,1812.34
2021-07-20,2086.15,1913.46,43.26,3.82,67.32,1810.03
2021-07-21,2115.96,1896.44,46.26,3.94,70.26,1803.31
2021-07-22,2112.53,1900.51,46.61,4.02,72.15,1806.69
2021-07-23,2138.01,1921.82,46.72,4.11,72.24,1801.34
2021-07-26,2123.76,1919.23,48.95,4.09,72.15,1797.27
2021-07-27,2097.04,1950.02,46.77,4.15,71.68,1798.73
2021-07-28,2134.39,1940.26,47.81,4.1,72.37,1806.88
2021-07-29,2144.1,1944.8,52.53,4.03,73.62,1827.95
2021-07-30,2150.88,1927.55,51.2,3.94,73.93,1813.58
2021-08-02,2150.02,1939.93,51.17,4.02,71.31,1813.39
2021-08-03,2150.32,1951.78,51.21,4.06,70.64,1809.94
2021-08-04,2155.4,1946.8,49.65,4.2,68.19,1811.41
2021-08-05,2185.54,1963.81,51.14,4.27,69.1,1804.01
2021-08-06,2167.73,1963.81,52.69,4.21,68.26,1762.69
2021-08-09,2169.25,1965.39,50.91,4.24,66.56,1729.46
2021-08-10,2162.17,1967.76,53.5,4.12,68.33,1728.71
2021-08-11,2154.9,1989.52,55.71,4.07,69.3,1751.56
2021-08-12,2164.05,1992.3,55.55,4.1,69.12,1752.44
2021-08-13,2150.48,1999.93,54.97,3.95,68.36,1779.15
2021-08-16,2131.02,2008.94,56.42,3.93,67.44,1787.24
2021-08-17,2100.52,2008.71,54.91,3.92,66.5,1785.96
2021-08-18,2090.14,2001.66,52.72,3.86,65.36,1787.59
2021-08-19,2078.21,2009.54,50.14,3.83,63.69,1780.18
2021-08-20,2097.68,2038.72,52.15,3.94,62.25,1780.87
2021-08-23,2136.52,2014.09,55.62,3.93,65.65,1805.2
2021-08-24,2168.27,2003.83,57.04,3.95,67.5,1802.61
2021-08-25,2176.51,2009.07,58.37,4.03,68.54,1790.68
2021-08-26,2162.26,2000.37,57.93,4.07,67.42,1792.16
2021-08-27,2193.87,2000.47,61.68,4.35,68.84,1816.67
2021-08-30,2197.51,2002.98,61.05,4.25,69.28,1810.17
2021-08-31,2199.13,2002.88,61.76,4.33,68.43,1813.43
2021-09-01,2221.61,2028.98,64.12,4.45,68.63,1813.66
2021-09-02,2229.86,2045.55,66.16,4.65,70.07,1809.4
2021-09-03,2233,2028.1,67.43,4.77,69.34,1826.19
2021-09-06,,2028.1,67.43,,,1823.1
2021-09-07,2223.2,2004.07,70.86,4.71,68.49,1794.13
2021-09-08,2202.86,2035.91,69.37,4.66,69.36,1788.93
2021-09-09,2198.86,2023.76,71.11,4.97,68.26,1794.69
2021-09-10,2187.65,1995.45,73.2,5.13,69.82,1787.34
2021-09-13,2180.45,1995.99,69.85,5.21,70.54,1793.49
2021-09-14,2167.72,1987.44,69.2,5.39,70.53,1804.27
2021-09-15,2185.53,1984.21,69.53,5.66,72.59,1792.59
2021-09-16,2186.23,1966.65,65.51,5.52,72.69,1753.39
2021-09-17,2173.48,1937.92,63.11,5.32,72.09,1754.16
2021-09-20,2116.71,1930.83,60.48,5.25,70.41,1763.88
2021-09-21,2118.01,1928.02,59.36,4.96,70.51,1774.25
2021-09-22,2147.86,1928.21,61.35,4.92,72.37,1767.91
2021-09-23,2181.45,1919.5,61.44,4.94,73.43,1742.57
2021-09-24,2171.88,1913.29,59.68,5.1,74.18,1749.86
2021-09-27,2168.49,1892.84,63,5.53,75.54,1749.85
2021-09-28,2103.42,1869.77,62.93,5.94,75.44,1733.68
2021-09-29,2092.13,1889.53,62.52,5.73,75.06,1726.11
2021-09-30,2082.97,1876.02,65.74,5.58,75.22,1756.66
2021-10-01,2097.17,1875.18,70.7,5.61,76.01,1760.36
2021-10-04,2050.44,1896.43,75.6,5.8,77.68,1769.51
2021-10-05,2072.04,1894.54,77.1,6.37,79.17,1759.96
2021-10-06,2075.41,1923.94,75.17,6,77.66,1762.48
2021-10-07,2118.36,1920.12,74.66,5.71,78.46,1755.29
2021-10-08,2104.57,1905.92,74.33,5.46,79.55,1756.67
2021-10-11,2083.9,1877.68,75.12,5.46,80.64,1753.86
2021-10-12,2089.76,1893.75,75.11,5.34,80.75,1759.93
2021-10-13,2111.18,1918.72,75.6,5.56,80.67,1792.65
2021-10-14,2153.12,1940.9,72.59,5.92,81.43,1795.56
2021-10-15,2163.52,1939.26,74.03,5.44,82.39,1767.26
2021-10-18,2173.27,1919.77,81.4,5.01,82.62,1764.6
2021-10-19,2205.73,1945.36,73.75,4.81,83.19,1768.87
2021-10-20,2210.05,1977.01,70.9,4.87,84.4,1781.83
2021-10-21,2222.68,1977.84,70.18,4.94,82.64,1782.76
2021-10-22,2202.07,1985.35,71.01,5.1,84.53,1792.48
2021-10-25,2230.7,1980.09,71.79,5.72,84.64,1807.47
2021-10-26,2218.2,1990.25,71.44,5.59,85.64,1792.63
2021-10-27,2194.13,1981.12,67.74,5.91,82.66,1796.69
2021-10-28,2226.65,1998.4,66.72,5.68,82.78,1798.62
2021-10-29,2236.85,1987.8,66.48,5.49,83.5,1782.81
2021-11-01,2279.75,1996.6,67.56,5.22,84.08,1793.05
2021-11-02,2288.71,1994.17,63.55,5.33,83.91,1787.28
2021-11-03,2311.22,1992.5,65.11,5.59,80.82,1769.52
2021-11-04,2345.28,1981.24,62.68,5.73,78.88,1791.7
2021-11-05,2329.5,2000.51,63.66,5.51,81.25,1816.73
2021-11-08,2348.15,1970.49,64.14,5.53,81.96,1824.26
2021-11-09,2329.91,1979.93,61.83,5.08,84.12,1831.48
2021-11-10,2283.59,1994.92,58.89,4.56,81.23,1849.57
2021-11-11,2295.23,1989.99,61.17,4.81,81.47,1861.52
2021-11-12,2313.06,1985.56,61.48,4.97,80.87,1864.04
2021-11-15,2305.88,2010.72,58.35,4.77,80.85,1862.46
2021-11-16,2324.32,1999.71,58.64,5.11,80.76,1849.91
2021-11-17,2302.22,2003.69,56.57,4.82,78.32,1866.96
2021-11-18,2291.05,1991.95,56,4.95,78.92,1858.46
2021-11-19,2287.26,2006.33,54.6,4.9,76.11,1844.6
2021-11-22,2253.14,2011.7,57.14,4.83,76.74,1805.04
2021-11-23,2226.04,2014.45,59.16,4.95,78.32,1789.73
2021-11-24,2237.3,2013.41,59.74,4.93,78.32,1788.5
2021-11-25,,2013.41,59.74,,,1788.45
2021-11-26,2186.2,1979.6,56,,,1791.81
2021-11-29,2224.5,2011.66,56.54,4.9,69.88,1785.01
2021-11-30,2180.09,1955.54,54.97,4.52,66.14,1773.78
2021-12-01,2135.94,1959.46,53.33,4.31,65.44,1782.66
2021-12-02,2161.31,1982.31,56,4.08,66.6,1768.64
2021-12-03,2112.28,1992.78,55.8,3.79,66.39,1783.74
2021-12-06,2131.3,2025.87,55.87,3.66,69.62,1778.11
2021-12-07,2197.52,2042.12,56.45,3.6,71.94,1784.04
2021-12-08,2216.61,2041.98,58.06,3.79,72.43,1782.06
2021-12-09,2177.75,2035.06,57.19,3.67,70.87,1774.46
2021-12-10,2182.02,2044.36,56.13,3.65,71.71,1782.51
2021-12-13,2158.78,2067.2,54.39,4.05,71.19,1786.94
2021-12-14,2127.7,2048.66,54.22,3.71,70.57,1770.18
2021-12-15,2166.44,2084.62,55.87,3.79,70.89,1777.06
2021-12-16,2107.01,2090.99,57.45,3.67,72.34,1799.03
2021-12-17,2120.39,2060.76,58.88,3.71,70.93,1797.68
2021-12-20,2080.97,2057.4,58.59,3.91,68.69,1789.32
2021-12-21,2146.46,2058.24,62.6,3.96,71.1,1788.36
2021-12-22,2162.72,2066.22,63.31,3.95,72.82,1803.4
2021-12-23,2177.11,2065.07,62.17,3.56,73.89,1807.91
2021-12-24,,2065.07,62.17,,,1808.11
2021-12-27,2206.94,2074.32,63.57,3.45,75.49,1810.9
2021-12-28,2188.24,2092.1,63.07,3.32,76.01,1805.37
2021-12-29,2175.57,2102.05,63.02,3.4,76.58,1803.66
2021-12-30,2191.29,2112.63,62.13,3.82,76.83,1815.01
2021-12-31,2175.94,2121.28,62.38,3.82,75.33,1828.39
2022-01-03,2198.33,2103.61,64.78,3.74,75.99,1800.85
2022-01-04,2174.78,2095.17,64.85,3.73,77,1814.56
2022-01-05,2091.18,2087.24,64.52,3.78,77.83,1809.53
2022-01-06,2093.17,2061.4,64.87,3.94,79.47,1788.68
2022-01-07,2062.05,2078.9,64.99,3.83,79,1795.63
2022-01-10,2064.64,2063.64,65.66,4.16,78.11,1801.41
2022-01-11,2110.42,2048.05,68.48,4.16,81.17,1822.01
2022-01-12,2105.91,2056.11,72.18,4.62,82.51,1825.32
2022-01-13,2052.43,2063.53,69.85,4.78,81.97,1822.09
2022-01-14,2056.19,2050.06,71.63,4.37,83.82,1817.22
2022-01-17,,2050.06,71.63,,,1818.99
2022-01-18,1998.08,2024.22,71.63,4.55,85.42,1813.54
2022-01-19,1972.78,2035.33,71.02,4.89,86.84,1839.96
2022-01-20,1951.5,2037.33,65.29,4.45,86.29,1838.36
2022-01-21,1904.23,2028.65,62.16,4.11,85.16,1833.24
2022-01-24,1922.46,2012.3,62.87,4.2,84.48,1843.06
2022-01-25,1871.39,1970.32,63.73,4.24,86.61,1847.56
2022-01-26,1857.34,1951.62,64.14,4.43,88.33,1818.12
2022-01-27,1807.84,1962.38,64.4,4.43,87.61,1796.51
2022-01-28,1852.61,1984.62,65.06,5.69,87.67,1791.03
2022-01-31,1934.99,2029.35,63.86,5.56,89.16,1796.47
2022-02-01,1950.33,2003.45,70.33,5.45,88.22,1800.65
2022-02-02,1939.87,2031.67,70.67,6.7,88.16,1806.5
2022-02-03,1883.21,2019.65,71.66,5.84,90.17,1804.4
2022-02-04,1912.3,2007.42,73.65,5.34,92.27,1807.49
2022-02-07,1909.58,2001.53,72.75,4.44,91.25,1820.31
2022-02-08,1943.81,2003.7,75.56,4.3,89.32,1825.48
2022-02-09,2003.02,2015.12,77.91,4.13,89.57,1832.43
2022-02-10,1949.47,1964.14,80.05,4.03,89.83,1826.57
2022-02-11,1892.57,1963.35,84.84,4.04,93.1,1859.96
2022-02-14,1880.08,1947.42,85.96,4.05,95.52,1870.29
2022-02-15,1941.37,1939.1,85.74,4.31,92.07,1853.06
2022-02-16,1935.42,1942.86,83.6,4.39,93.83,1868.37
2022-02-17,1866.27,1942.99,85.49,4.57,91.78,1897.27
2022-02-18,1838.26,1930.97,84.81,4.61,91.26,1897.87
2022-02-21,,1930.97,84.81,,,1905.63
2022-02-22,1811.99,1927.77,84.68,4.48,92.11,1898.13
2022-02-23,1768.03,1892.24,88.55,4.59,92.14,1907.55
2022-02-24,1836.58,1915.72,81.11,4.78,92.77,1903.14
2022-02-25,1867.38,1972.61,85.11,4.63,91.68,1887.56
2022-02-28,1884.21,1984.11,87.76,4.46,96.13,1907.9
2022-03-01,1848.54,1965.28,92.28,4.36,103.66,1943.22
2022-03-02,1879.25,1986.48,101.6,4.65,110.74,1926.11
2022-03-03,1833.96,2018.65,108.94,4.63,107.69,1935.21
2022-03-04,1793.54,2058.08,114.59,4.74,115.77,1968.45
2022-03-07,1742.63,2089.59,107.29,4.93,119.26,1998.11
2022-03-08,1733.8,2060.06,110.44,4.61,123.64,2052.41
2022-03-09,1794.11,2043.94,106.58,4.55,108.81,1991.49
2022-03-10,1755.68,2055.58,117.31,4.65,105.93,1995.86
2022-03-11,1704.75,2046.1,113.63,4.79,109.31,1985.29
2022-03-14,1654.86,2043.02,100.25,4.59,103.22,1951.11
2022-03-15,1699.36,2071.97,102.85,4.46,96.42,1917.84
2022-03-16,1799.76,2072.12,99.84,4.68,94.85,1927.93
2022-03-17,1837.98,2078.87,105.64,4.8,102.97,1942.64
2022-03-18,1883.17,2058.92,107.3,4.87,104.69,1921.09
2022-03-21,1866.39,2067.41,111.78,4.77,112.14,1935.95
2022-03-22,1906.28,2074.34,109.63,5,111.03,1921.44
2022-03-23,1871.23,2074.09,116.01,5.26,114.89,1943.38
2022-03-24,1907.27,2096.63,113.83,5.19,114.2,1957.48
2022-03-25,1883.85,2125.6,115.98,5.51,116.2,1957.4
2022-03-28,1910.09,2138.96,112.08,5.52,107.55,1923.2
2022-03-29,1968.57,2158.5,110,5.32,104.25,1919.19
2022-03-30,1929.6,2173.08,110.45,5.32,107.81,1933.06
2022-03-31,1887.58,2167.52,111.8,5.46,100.53,1937.23
2022-04-01,1894.51,2199.57,115.51,5.43,99.32,1924.3
2022-04-04,1937.36,2186.26,109.44,5.72,103.29,1932.44
2022-04-05,1872.59,2201.04,108.07,5.95,101.98,1923.76
2022-04-06,1826.89,2241.93,108.76,6.29,96.39,1925.48
2022-04-07,1823.6,2235.57,115.58,6.05,96.05,1932.17
2022-04-08,1793.2,2240.45,117.32,6.38,98.35,1945.85
2022-04-11,1770.39,2204.52,113.1,6.35,94.22,1953.43
2022-04-12,1761.64,2211.99,124.2,6.59,100.52,1966.59
2022-04-13,1793.46,2209.69,131.79,6.68,104.26,1977.72
2022-04-14,1746.85,2207.93,136.39,6.94,106.84,1973.52
2022-04-15,,2207.93,136.39,,,1974.54
2022-04-18,1735.9,2197.3,136.68,7.48,108.24,1978.5
2022-04-19,1780.92,2212.21,133.87,7.44,102.54,1949.84
2022-04-20,1764.77,2226.13,133.35,7.12,102.56,1957.41
2022-04-21,1722.18,2184.04,119.72,6.88,103.89,1951.49
2022-04-22,1675.9,2143.16,109.58,6.59,102.86,1929.73
2022-04-25,1705.24,2128.75,107.4,6.42,99.6,1897.69
2022-04-26,1637.64,2106.84,115.72,6.89,102.62,1905.56
2022-04-27,1633.65,2099.01,124,6.91,101.96,1886.12
2022-04-28,1673.18,2123.23,121.91,6.97,105.47,1894.34
2022-04-29,1621.53,2060.39,117.68,6.84,104.59,1896.4
2022-05-02,1653.44,2042.15,113.72,7.3,105.18,1862.77
2022-05-03,1649.45,2052.74,119.25,7.84,102.53,1867.79
2022-05-04,1698.93,2100.07,122.1,8.3,107.84,1880.92
2022-05-05,1604.96,2076.73,121.35,8.42,108.17,1876.84
2022-05-06,1574.06,2092.56,121.99,8.35,109.72,1882.96
2022-05-09,1483.1,2070.87,110.79,8.06,103.08,1853.92
2022-05-10,1490.07,2045.55,111.23,6.78,99.74,1838.14
2022-05-11,1439.26,2060.6,114.83,7.53,105.5,1852.12
2022-05-12,1464.97,2032.28,110.37,7.25,106.15,1821.72
2022-05-13,1545.96,2057.09,115.54,7.75,110.52,1811.15
2022-05-16,1517.2,2064.28,116.05,8.07,114.07,1823.79
2022-05-17,1563.8,2091.38,118.3,8.26,112.31,1814.67
2022-05-18,1504.1,2070.96,114.95,8.53,109.67,1815.61
2022-05-19,1527.13,2067.45,116.62,8.21,112.21,1841.72
2022-05-20,1519.28,2070.3,115.01,7.97,112.63,1845.68
2022-05-23,1531.69,2094.43,123.81,8.16,110.32,1853.22
2022-05-24,1485.28,2133.66,123.65,8.87,112.55,1865.9
2022-05-25,1509.49,2137.69,124.53,9.44,112.88,1852.83
2022-05-26,1552.52,2143.15,130,9.19,116.19,1850.02
2022-05-27,1614.73,2179.65,127.11,8.3,114.96,1852.73
2022-05-30,,2179.65,127.11,,,1856.21
2022-05-31,1598.35,2150.59,118.82,8.46,114.38,1837.09
2022-06-01,1580.77,2147.85,123.97,8.47,115.26,1845.55
2022-06-02,1642.73,2165.74,128.65,8.9,116.88,1868.13
2022-06-03,1603.34,2158.07,125.77,8.34,118.97,1850.77
2022-06-06,1612.37,2171.26,127.72,9.08,118.41,1841
2022-06-07,1634.06,2180.48,137.75,9.28,119.55,1851.97
2022-06-08,1628.64,2138.48,132.53,9.43,121.94,1853.26
2022-06-09,1576.86,2088.16,127.45,8.16,121.52,1847.61
2022-06-10,1522.04,2066.93,126.14,8.78,120.73,1870.96
2022-06-13,1434.85,1967.44,115.03,9,120.92,1818.77
2022-06-14,1438.96,1917.68,114.51,7.68,118.92,1808.1
2022-06-15,1479.46,1938.15,118.49,7.72,115.32,1833.38
2022-06-16,1404.8,1894.6,113.74,7.88,117.56,1856.71
2022-06-17,1430.62,1880.46,111.73,7.37,109.56,1839.35
2022-06-20,,1880.46,111.73,,,1838.29
2022-06-21,1462.44,1915.93,117.69,6.6,110.49,1832.56
2022-06-22,1467.17,1934.71,111.58,6.76,106.22,1837.39
2022-06-23,1507.05,1977.26,104.98,6.54,105.75,1822.43
2022-06-24,1557.12,2011.09,108.31,5.8,109.07,1826.18
2022-06-27,1547.09,2026.97,115.51,6.09,111.44,1822.73
2022-06-28,1499.43,2014.61,116.32,6.66,113.66,1819.69
2022-06-29,1479.7,2012.89,111.48,6.69,111.65,1817.11
2022-06-30,1457.33,2035.42,105.5,6.54,107.76,1806.89
2022-07-01,1465.59,2087.5,103.69,5.75,110.3,1810.18
2022-07-04,,2087.5,103.69,,,1809.12
2022-07-05,1493.36,2017.73,93.76,5.72,101.55,1764.35
2022-07-06,1482.03,2035.35,92.68,5.65,100.31,1738.3
2022-07-07,1536.54,2039.07,100.4,5.83,104.62,1739.61
2022-07-08,1534.51,2034.98,101.29,6.4,106.78,1741.82
2022-07-11,1488.54,2043.17,100.74,6.82,106.09,1733.67
2022-07-12,1469.02,2033.95,100.86,6.81,97.69,1725.81
2022-07-13,1463.51,2025.2,105.87,6.68,98.44,1735.23
2022-07-14,1448.77,2026.54,103.24,6.9,97.79,1709.45
2022-07-15,1481.76,2025.27,105.92,6.6,99.59,1706.78
2022-07-18,1473.43,2000.38,108.88,7.65,104.48,1709.01
2022-07-19,1525.61,2016.68,110.72,7.35,106.12,1711.07
2022-07-20,1570.59,1990.91,111.39,7.58,104.45,1696.43
2022-07-21,1600.55,1994.21,106.71,7.99,98.44,1718.49
2022-07-22,1551.38,2020.02,105.63,8.25,97.71,1726.46
2022-07-25,1540.8,2044.31,111.9,8.52,99.83,1718.78
2022-07-26,1512.88,2051.95,111.47,9.46,97.74,1717
2022-07-27,1571.58,2057.07,115.19,8.65,100.03,1733.89
2022-07-28,1589.88,2138.14,109.33,8.75,99.11,1755.11
2022-07-29,1604.21,2156.78,108.27,8.33,101.31,1765.22
2022-08-01,1605.04,2157.94,104.68,8.2,96.59,1771.73
2022-08-02,1612.26,2156.13,104.85,8.01,97.14,1759.75
2022-08-03,1648.81,2171.17,102.91,7.81,93.25,1764.9
2022-08-04,1657.99,2182.61,100.96,8.4,91.29,1790.97
2022-08-05,1653.03,2179.17,102.64,8.3,91.77,1774.15
2022-08-08,1655,2181.38,104.69,7.76,93.52,1788.52
2022-08-09,1609.54,2204.32,105.4,7.87,93.18,1794.08
2022-08-10,1664.74,2218.36,110.82,7.86,94.68,1792.13
2022-08-11,1663.42,2218.71,115.69,8.53,97.02,1789.45
2022-08-12,1697.23,2253.43,119.79,8.73,94.86,1801.76
2022-08-15,1709.62,2273.88,119.07,8.62,92.24,1778.91
2022-08-16,1699.01,2275,119.62,9.28,89.23,1775.54
2022-08-17,1664.16,2269.15,119.39,9.51,90.85,1761.05
2022-08-18,1667.75,2277.07,126.72,9.42,93.2,1758.2
2022-08-19,1620.47,2271.45,127.28,9.14,93.55,1747.83
2022-08-22,1570.53,2237.09,132.01,9.85,93.42,1735.7
2022-08-23,1563.61,2223.61,132.19,9.75,96.46,1747.67
2022-08-24,1580.81,2234.41,132.33,9.27,95.52,1750.89
2022-08-25,1623.95,2253.15,134.28,9.47,93.33,1758.44
2022-08-26,1557.32,2219.3,133.41,9.48,93.63,1736.86
2022-08-29,1539.43,2221.09,130.1,9.24,97.4,1737.82
2022-08-30,1524.09,2187.86,120.81,9.1,92.08,1723.55
2022-08-31,1511.68,2174.98,121.77,8.93,90.09,1710.7
2022-09-01,1485.77,2204.12,116.61,9.38,87.09,1696.09
2022-09-02,1463.63,2181.45,119.89,9.18,87.29,1711.44
2022-09-05,,2181.45,119.89,,,1710.21
2022-09-06,1450.77,2186.72,121.95,8.52,87.35,1701.15
2022-09-07,1482.73,2255.61,117.71,8.12,82.5,1717.69
2022-09-08,1502.3,2255.87,111.22,8.27,84.04,1707.28
2022-09-09,1539.32,2264.81,114.88,8.31,87.27,1716.05
2022-09-12,1558.04,2287.6,113.13,8.2,88.18,1724.07
2022-09-13,1485.88,2226.9,110.98,8.49,87.84,1701.55
2022-09-14,1490.82,2244.5,112.67,8.7,88.88,1695.8
2022-09-15,1475.07,2190.14,107.54,8.6,85.72,1663.74
2022-09-16,1452.9,2182.43,103.68,8.11,85.57,1674.94
2022-09-19,1458.78,2212.57,108.02,7.96,86.15,1675.78
2022-09-20,1436.71,2180.15,108.29,8.01,84.69,1663.11
2022-09-21,1416.85,2148.38,105.74,7.99,83.38,1673.74
2022-09-22,1378.3,2137.83,105.02,7.76,84.02,1670.53
2022-09-23,1353.57,2110.21,98.04,6.75,79.07,1643.09
2022-09-26,1341.22,2062.44,97.99,6.75,77.17,1621.57
2022-09-27,1348.47,2030.82,103.99,6.83,78.91,1628.8
2022-09-28,1383.17,2052.35,112.04,6.59,82.61,1659.44
2022-09-29,1343.85,1968.18,110.79,6.57,81.78,1660.29
2022-09-30,1327.66,1931.81,109.74,6.4,79.91,1659.67
2022-10-03,1363.95,1989.47,116.54,5.64,84.05,1699.22
2022-10-04,1421.21,2036.35,119.67,5.4,86.87,1726.24
2022-10-05,1419.31,1992.76,123.25,5.84,88.22,1715.81
2022-10-06,1407.35,1928.25,125.1,6.91,88.9,1710.85
2022-10-07,1343.95,1884.8,122.48,6.25,93.07,1694.52
2022-10-10,1311.82,1887.82,122.8,,91.6,1667.96
2022-10-11,1289.38,1880.78,119.46,6.2,89.75,1665.31
2022-10-12,1285.3,1817.9,122.17,6.6,87.83,1672.51
2022-10-13,1312.21,1863.44,123.29,6.25,89.59,1665.8
2022-10-14,1265.65,1832.32,120.59,6.1,86.1,1641.76
2022-10-17,1313.14,1872.34,124.23,6.08,86,1649.94
2022-10-18,1330.36,1905.9,123.51,6.16,83.29,1651.83
2022-10-19,1306.37,1879.63,118.08,5.63,86,1628.49
2022-10-20,1302.84,1831,115.6,5.1,86.02,1627.66
2022-10-21,1333.16,1865.53,119.91,4.45,85.47,1656.66
2022-10-24,1331.29,1880.66,119.5,4.81,86.12,1648.6
2022-10-25,1373.47,1921.57,120.8,5.17,86.93,1652.52
2022-10-26,1367.91,1918.58,119.19,5.28,89.39,1664.49
2022-10-27,1366.86,1929.61,125.41,5.3,89.06,1662.94
2022-10-28,1396.41,1985.64,123.37,5.02,87.85,1641.76
2022-10-31,1379.37,1966.93,124.31,5.02,86.54,1633.12
2022-11-01,1368.63,1976.01,125.38,4.57,88.36,1647.5
2022-11-02,1313.85,1956.66,121.74,4.58,90.06,1634.89
2022-11-03,1304.56,1969.16,124.96,4.65,88.14,1629.15
2022-11-04,1315.35,1977.21,133.39,4,92.58,1680.27
2022-11-07,1324.36,1939.13,138.64,4.62,91.8,1674.68
2022-11-08,1329.46,1951.25,135.72,4,88.8,1712.52
2022-11-09,1295.89,1932.91,122.96,3.46,85.79,1706.32
2022-11-10,1414.14,2028.92,125.94,4.8,86.52,1754.75
2022-11-11,1457.12,2007.47,123.53,4.8,89.14,1770.69
2022-11-14,1434.09,1973.46,125.64,6.24,85.85,1771.8
2022-11-15,1476.77,1996.48,130.77,5.9,86.87,1778.25
2022-11-16,1437.75,2013.13,127.6,5.88,85.62,1773.77
2022-11-17,1428.28,1978.56,126.87,6.2,81.69,1760.87
2022-11-18,1426.64,2014.4,124.66,6.1,80.07,1749.74
2022-11-21,1406.81,2023.27,128.39,6.23,79.74,1737.81
2022-11-22,1418.54,2041.13,132.15,6.27,80.83,1740.24
2022-11-23,1433.53,2060.84,133.56,6.57,77.93,1749.28
2022-11-24,,2060.84,133.56,,,1754.96
2022-11-25,1426.79,2073.31,134.97,6.57,76.45,1756.14
2022-11-28,1398.48,2049.86,132.98,6,77.1,1740.75
2022-11-29,1395.17,2035.14,138.49,6.03,77.96,1749.73
2022-11-30,1461.29,2088.15,140.76,7,80.48,1768.45
2022-12-01,1474.06,2082.11,137.33,6.33,81.06,1802.89
2022-12-02,1477.77,2076.26,140.31,4.92,79.86,1797.82
2022-12-05,1443.79,2064.71,133.04,4.15,76.83,1768.39
2022-12-06,1411.74,2073.18,134.99,4.58,74.21,1770.91
2022-12-07,1403.65,2066.79,133.23,4.49,71.93,1786.22
2022-12-08,1434.22,2077.28,130.59,4.79,71.3,1789.23
2022-12-09,1419.47,2064.84,126.88,4.98,71.05,1796.63
2022-12-12,1445.28,2112.35,126.58,6.73,72.96,1781.15
2022-12-13,1465.67,2119.87,128.35,7.2,75.44,1810.29
2022-12-14,1458.2,2118.69,127.81,6.54,77.14,1807.27
2022-12-15,1406.1,2090.24,128.58,6.8,75.89,1776.66
2022-12-16,1390.11,2057.76,126.82,6.63,74.19,1792.34
2022-12-19,1362.64,2047.84,126.62,6.08,75.05,1787.44
2022-12-20,1358.88,2050.22,128.38,5.28,75.92,1817.41
2022-12-21,1377.17,2079.39,130.94,6.13,78.17,1814.13
2022-12-22,1339.34,2061.43,130.15,7.1,77.68,1792.57
2022-12-23,1339.81,2083.45,132.2,7.15,79.57,1797.91
2022-12-26,,2083.45,132.2,,,1797.61
2022-12-27,1321.96,2094.31,132.25,4.88,79.45,1813.93
2022-12-28,1310.77,2074.46,121.77,4.06,78.89,1804.09
2022-12-29,1353.01,2091.14,123.39,3.78,78.43,1814.89
2022-12-30,1347.8,2072.29,123.47,3.52,80.16,1824.4
2023-01-02,,2072.29,123.47,,,1823.69
2023-01-03,1343.97,2071.26,115.53,3.64,76.87,1839.49
2023-01-04,1374.35,2090.76,118.09,3.75,72.82,1854.09
2023-01-05,1348.59,2042.59,119.5,3.78,73.61,1833.19
2023-01-06,1376.68,2082.17,125.96,3.43,73.77,1865.71
2023-01-09,1398.61,2092.9,123.34,3.65,74.69,1871.59
2023-01-10,1414.71,2093.28,121.26,3.32,75.11,1877.27
2023-01-11,1440.29,2109.93,121.21,3.41,77.46,1876.38
2023-01-12,1458.05,2099.61,122.99,3.47,78.32,1896.86
2023-01-13,1475.61,2088.99,125.8,3.43,79.9,1920.21
2023-01-16,,2088.99,125.8,,,1918
2023-01-17,1486.12,2089.59,129.34,3.43,80.25,1908.39
2023-01-18,1466.57,2041.07,126.38,3.2,79.53,1903.76
2023-01-19,1447.52,2015.88,128.47,2.91,80.31,1931.39
2023-01-20,1482.19,2027.12,131.7,3.15,81.27,1926.57
2023-01-23,1525.09,2031.78,131.19,3.43,81.62,1931.3
2023-01-24,1507.12,2040.9,132.58,3.35,79.86,1937.45
2023-01-25,1505.42,2000.88,129.5,3.09,79.78,1945.93
2023-01-26,1532.61,2008.46,126.8,2.72,80.64,1928.99
2023-01-27,1552.97,2006.87,126.69,2.83,79.73,1927.34
2023-01-30,1513.33,1995.98,128.2,2.82,77.97,1922.52
2023-01-31,1550.6,2012.23,128.04,2.65,78.95,1927.88
2023-02-01,1613.82,2016.21,128.17,2.65,76.34,1950.42
2023-02-02,1658.18,2022.24,129.83,2.67,75.87,1912.37
2023-02-03,1628.92,1979.99,127.84,2.4,73.4,1865.53
2023-02-06,1607.02,1996.52,128.46,2.17,74.11,1867.36
2023-02-07,1625.57,1997.71,130.16,2.35,77.17,1873.81
2023-02-08,1599.38,1963.31,121.68,2.4,78.47,1875.59
2023-02-09,1573.1,1933.42,122.35,2.4,78.04,1861.39
2023-02-10,1553.22,1971.37,124.73,2.37,79.74,1864.67
2023-02-13,1570.9,1983.43,123.5,2.42,80.14,1853.39
2023-02-14,1588.06,1975.69,131.03,2.42,79.08,1854.29
2023-02-15,1612.38,1991.72,131.48,2.45,78.57,1836.19
2023-02-16,1582.27,1974.41,134.34,2.48,78.45,1837.44
2023-02-17,1562.55,1994.29,132.19,2.28,76.31,1841.59
2023-02-20,,1994.29,132.19,,,1841.14
2023-02-21,1510.15,1954.17,125.08,2.12,76.28,1834.32
2023-02-22,1523,1945.4,125.49,2.07,73.95,1825.04
2023-02-23,1533.13,1933.92,124.05,2.17,75.26,1822.64
2023-02-24,1500.72,1933.94,123.24,2.36,76.19,1810.81
2023-02-27,1510.28,1921.11,127.07,2.55,75.57,1817.31
2023-02-28,1514.54,1890.23,128.96,2.5,76.88,1827.15
2023-03-01,1507.63,1860.55,133.68,2.59,77.57,1836.81
2023-03-02,1520.97,1894.78,134.73,2.67,78.05,1836
2023-03-03,1570.13,1928.83,138.87,2.66,79.62,1854.97
2023-03-06,1555.43,1940.44,132.8,2.46,80.39,1846.85
2023-03-07,1525.46,1913.15,131.79,2.52,77.45,1813.52
2023-03-08,1534.69,1926.92,130.35,2.5,76.56,1813.59
2023-03-09,1489.81,1909.49,128.57,2.5,75.6,1830.89
2023-03-10,1453.96,1877.62,126.3,2.4,76.55,1867.83
2023-03-13,1457.89,1903.98,121.24,2.4,74.68,1913.23
2023-03-14,1481.91,1929.55,120.93,2.65,71.18,1902.12
2023-03-15,1470.09,1951.28,112.24,2.45,67.38,1918.1
2023-03-16,1510.77,1964.06,114.29,2.45,68.15,1919.12
2023-03-17,1491.89,1944.14,113.23,2.42,66.61,1987.93
2023-03-20,1495.63,1959.74,113.23,2.23,67.56,1978.71
2023-03-21,1524.45,1924.87,114.35,1.93,69.4,1940.15
2023-03-22,1488.77,1886.04,112.87,2.03,70.71,1969.58
2023-03-23,1510.45,1867.94,112.91,2.08,69.77,1993.5
2023-03-24,1506.91,1924.57,115.44,2.04,69.22,1977.22
2023-03-27,1507.6,1925.51,118.23,2.04,72.87,1956.56
2023-03-28,1504.15,1930.89,120.78,2.02,73.12,1973.69
2023-03-29,1537.13,1957.21,119.12,1.94,72.95,1964.04
2023-03-30,1552.53,1965.4,119.29,1.95,74.32,1980.25
2023-03-31,1595.24,1983.03,121.27,2.1,75.68,1967.9
2023-04-03,1582.16,1970.05,125.05,2.09,80.4,1984.11
2023-04-04,1555.44,1978.56,121.99,2.13,80.7,2019.97
2023-04-05,1523.65,2026.98,122.24,2.17,80.69,2020.35
2023-04-06,1529.88,2039.7,119.73,2.18,80.7,2008.02
2023-04-10,1542.16,2036.67,119.51,2.15,79.79,1989.95
2023-04-11,1543.74,2038.78,121.41,2.19,81.54,2003.14
2023-04-12,1525.33,2036.77,121.44,2.22,83.26,2014.67
2023-04-13,1548.93,2038.12,124.02,2.04,82.16,2039.73
2023-04-14,1536.56,2016.08,122.34,1.87,82.58,2003.04
2023-04-17,1545.9,2028.14,124.84,2.21,80.93,1994.77
2023-04-18,1542.84,2018.32,125.68,2.23,80.85,2004.93
2023-04-19,1535.2,2031.8,125.24,2.2,79.18,1993.26
2023-04-20,1516.58,2031.29,121.37,2.19,77.27,2004.34
2023-04-21,1519.29,2037.95,116.75,2.2,77.86,1982.89
2023-04-24,1511.47,2047.45,118.86,2.19,78.64,1988.88
2023-04-25,1468.06,2040.78,114.24,2.21,77.05,1997.87
2023-04-26,1465.46,1988.35,113.14,2.19,74.33,1989.48
2023-04-27,1481.52,2015.46,114.06,2.17,74.77,1987.87
2023-04-28,1494.42,2014.18,114.58,2.27,76.78,1989.65
2023-05-01,1493.58,2017.47,112.43,2.24,75.65,1982.05
2023-05-02,1467.58,1992.88,112.97,2.12,71.71,2016.28
2023-05-03,1464.64,1987.29,110.02,2.01,68.62,2039.02
2023-05-04,1447.11,1997.18,110.89,1.96,68.52,2051.11
2023-05-05,1477.63,2009.72,116.13,1.85,71.32,2016.54
2023-05-08,1485.69,2004.79,118.46,2.12,73.13,2021.39
2023-05-09,1474.88,2001.27,120.05,2.22,73.68,2034.17
2023-05-10,1493.34,2021.23,121,2.12,72.53,2029.51
2023-05-11,1488.77,1999.82,116.66,2.07,70.81,2015.55
2023-05-12,1477.81,2011.11,115.07,1.98,70.02,2011.15
2023-05-15,1504.79,1990.11,116.16,2.25,71.07,2020.6
2023-05-16,1494.95,1945.47,110.55,2.28,70.85,1988.6
2023-05-17,1527.23,1939.56,110.34,2.25,72.78,1981.72
2023-05-18,1549.16,1931.43,109.63,2.3,71.82,1958.05
2023-05-19,1542.9,1926.02,108.38,2.37,71.57,1976.56
2023-05-22,1562.61,1928.14,109.74,2.3,71.81,1969.43
2023-05-23,1536.05,1923.31,108.54,2.22,72.87,1974.73
2023-05-24,1523.48,1910.99,106.4,2.25,74.37,1957.01
2023-05-25,1536.04,1884.55,104.35,2.23,71.68,1940.34
2023-05-26,1579.8,1882.77,102.3,1.88,72.35,1946.33
2023-05-29,,1882.77,102.3,,,1942.84
2023-05-30,1604.2,1875.93,100.18,2.11,69.45,1959.14
2023-05-31,1587.07,1893.76,98.32,2.1,68.11,1962.3
2023-06-01,1596.13,1879.73,100.33,1.77,70.09,1977.88
2023-06-02,1619.25,1899.35,104.13,1.74,71.76,1947.63
2023-06-05,1619.97,1906.69,104.41,1.92,72.14,1961.76
2023-06-06,1639.26,1907.33,106.98,1.95,71.71,1962.85
2023-06-07,1628.42,1938.41,110.56,2.13,72.52,1939.63
2023-06-08,1634.93,1944.77,108.28,2.1,71.28,1967.76
2023-06-09,1634.73,1932.84,108.8,1.85,70.16,1960.6
2023-06-12,1663.67,1929.43,105.82,1.9,67.08,1956.92
2023-06-13,1695.51,1930.76,107.01,2,69.39,1943.33
2023-06-14,1700.35,1926.89,107.58,2.05,68.22,1942.99
2023-06-15,1717.22,1948.1,112.61,2.18,70.61,1957.65
2023-06-16,1702.02,1959.9,111.75,2.13,71.81,1957.36
2023-06-19,,1959.9,111.75,,,1950.12
2023-06-20,1688.84,1935.75,115.84,2.38,70.94,1935.91
2023-06-21,1657.17,1952.23,118.29,2.24,72.55,1932.26
2023-06-22,1653.75,1938.7,116.49,2.27,69.22,1913.52
2023-06-23,1626.01,1909.35,113.48,2.22,68.91,1921.36
2023-06-26,1619.13,1929.19,112.82,2.62,69.09,1922.85
2023-06-27,1655.89,1928.96,114.19,2.68,67.68,1913.35
2023-06-28,1661.31,1900.81,113.06,2.71,69.54,1907.42
2023-06-29,1668.95,1900.08,116.55,2.4,69.85,1908.15
2023-06-30,1685.75,1924.38,116.55,2.48,70.66,1919.57
2023-07-03,1691.69,1935.91,118.01,2.48,69.71,1921.43
2023-07-04,,1935.91,118.01,,,1925.09
2023-07-05,1680.66,1958,117.17,2.65,71.78,1917.32
2023-07-06,1655.96,1932.1,114.29,2.5,71.76,1910.8
2023-07-07,1664.88,1917.65,117.26,2.49,73.91,1924.28
2023-07-10,1695.81,1909.75,117.53,2.55,73.05,1924.99
2023-07-11,1710.86,1931.57,118.37,2.57,74.87,1931.99
2023-07-12,1729.64,1959.39,115.39,2.55,75.77,1957.09
2023-07-13,1750.97,1965.93,115.06,2.5,76.86,1960.19
2023-07-14,1725.71,1956.75,112.05,2.5,75.44,1954.93
2023-07-17,1741.09,1937.55,112.43,2.46,74.17,1954.74
2023-07-18,1744.57,1923.73,115.46,2.52,75.76,1978.71
2023-07-19,1748.2,1943.35,116.25,2.51,75.4,1977.25
2023-07-20,1707.74,1978.41,119.08,2.61,75.65,1969.62
2023-07-21,1709.67,2008.24,119.55,2.61,77.06,1960.23
2023-07-24,1712.54,2002.04,122.18,2.68,78.81,1954.51
2023-07-25,1722.24,2003.82,123.45,2.66,79.76,1964.58
2023-07-26,1737.22,2000.84,123.2,2.6,79.11,1972.1
2023-07-27,1716.65,1962.86,122,2.47,80.17,1944.99
2023-07-28,1748.36,1960.22,122.62,2.53,80.55,1959.2
2023-07-31,1772.65,1961.61,126.76,2.58,81.8,1964.19
2023-08-01,1758.45,1938.01,127.52,2.49,81.37,1944.08
2023-08-02,1703.29,1935.44,124.59,2.43,79.5,1933.56
2023-08-03,1705.69,1891.28,121.34,2.44,81.56,1933.74
2023-08-04,1695.29,1867.34,124.32,2.53,82.76,1941.62
2023-08-07,1704.53,1866.12,125.87,2.65,81.94,1936.39
2023-08-08,1681.78,1871.44,128.49,2.77,82.94,1924.82
2023-08-09,1656.58,1876.43,132.33,2.92,84.35,1914.59
2023-08-10,1657.02,1869.7,130.04,2.83,82.81,1912.06
2023-08-11,1643.97,1877.6,129.8,2.61,83.17,1913.32
2023-08-14,1653.74,1858.64,130.1,2.74,82.5,1907.9
2023-08-15,1631.21,1824.78,127.9,2.65,81.06,1901.56
2023-08-16,1603.86,1832.12,130.07,2.55,79.4,1891.76
2023-08-17,1583.37,1825.33,130.5,2.56,80.43,1888.89
2023-08-18,1579.86,1831.64,130.02,2.44,81.25,1888.19
2023-08-21,1595.41,1820.73,129.96,2.6,80.71,1893.94
2023-08-22,1595.49,1826.26,131.04,2.58,80.25,1897.47
2023-08-23,1621.39,1834.8,130.61,2.6,78.91,1914.31
2023-08-24,1585.57,1823.27,128.31,2.42,79.52,1917.43
2023-08-25,1606.04,1836.08,128.52,2.46,80.47,1914.53
2023-08-28,1619.85,1837.91,130.73,2.6,80.65,1919.66
2023-08-29,1647.88,1844.29,132.03,2.5,81.14,1937.12
2023-08-30,1654.68,1837.68,130.74,2.48,81.64,1942.24
2023-08-31,1654.95,1819.59,130.8,2.56,83.55,1939.74
2023-09-01,1667.66,1812.81,136.72,2.7,85.52,1938.8
2023-09-04,,1812.81,136.72,,,1938.19
2023-09-05,1656.93,1784.53,137.12,2.6,86.74,1925.81
2023-09-06,1654.94,1786.53,136.14,2.49,87.55,1916.28
2023-09-07,1626.97,1805.59,136.47,2.45,86.87,1919.19
2023-09-08,1618.37,1821.7,138.12,2.53,87.51,1917.81
2023-09-11,1630.41,1828.01,137.73,2.5,87.3,1921.66
2023-09-12,1615.7,1831.94,140.98,2.72,88.87,1913.26
2023-09-13,1612.97,1850.9,144.67,2.76,88.59,1906.3
2023-09-14,1622.93,1877.5,152.27,2.81,90.13,1910.32
2023-09-15,1602.85,1868.59,152.02,2.74,90.83,1923.57
2023-09-18,1602.34,1866.54,152.28,2.54,91.47,1933.14
2023-09-19,1592.84,1856.49,151.26,2.46,91.16,1930.94
2023-09-20,1575.14,1857.09,149.31,2.78,89.2,1929.68
2023-09-21,1546.88,1839.71,147.9,2.7,89.56,1919.57
2023-09-22,1545.38,1838.03,147.46,2.63,90,1924.99
2023-09-25,1546.5,1834.87,152.03,2.63,89.68,1915.66
2023-09-26,1521.31,1779.52,151.66,2.55,91.43,1900.49
2023-09-27,1535.36,1738.99,159.42,2.72,93.67,1874.7
2023-09-28,1552.67,1699.19,164.61,2.74,91.65,1864.56
2023-09-29,1563.85,1702.87,163.7,2.68,90.77,1848.31
2023-10-02,1558.02,1617.79,156.88,2.7,88.81,1827.4
2023-10-03,1523.18,1636.31,154.67,2.71,89.26,1822.81
2023-10-04,1538.44,1629.93,150.73,2.92,84.32,1821.08
2023-10-05,1526.11,1619.46,152.39,2.92,82.3,1820.01
2023-10-06,1552.91,1641.99,155.31,3.3,82.83,1832.26
2023-10-09,1552.77,1654.32,160.92,,,1860.88
2023-10-10,1572.6,1681.54,161.83,3.34,85.89,1860.09
2023-10-11,1570.61,1712.5,160.04,3.19,83.7,1873.61
2023-10-12,1545.63,1687.36,155.06,3.16,82.87,1868.65
2023-10-13,1522.21,1705.92,155.06,3.11,87.67,1931.7
2023-10-16,1547.21,1723.22,156.08,2.98,86.65,1919.44
2023-10-17,1552.52,1718.99,160.49,2.94,86.66,1923.07
2023-10-18,1516.02,1700.97,157.4,2.92,88.35,1947.69
2023-10-19,1498.72,1683.98,154.44,2.84,89.35,1973.7
2023-10-20,1477.42,1666.84,151.13,2.6,89.12,1981.04
2023-10-23,1470.07,1653.23,150.67,2.65,85.49,1972.59
2023-10-24,1485.64,1699.87,151.11,2.85,84.58,1970.11
2023-10-25,1444.1,1708.9,151.22,2.86,86.07,1979.62
2023-10-26,1436.22,1723.94,149.54,2.87,83.8,1984.82
2023-10-27,1430.25,1691.92,152.33,3.24,86.04,2005.78
2023-10-30,1435.37,1706.97,150.67,3.17,83.03,1995.88
2023-10-31,1448.79,1722.95,147.28,3.34,81.64,1982.7
2023-11-01,1460.03,1742.49,149.15,3.19,81.05,1982.15
2023-11-02,1494.12,1778.73,148.55,3.12,83.04,1985.51
2023-11-03,1535.38,1788.82,149,3,81.19,1992.27
2023-11-06,1526.12,1785.89,147.51,2.71,81.54,1977.68
2023-11-07,1537.25,1772.31,140.22,2,77.96,1968.4
2023-11-08,1530.45,1759.21,142.07,2.18,75.85,1949.79
2023-11-09,1506.52,1731.92,143.96,2.71,76.34,1958.19
2023-11-10,1536.07,1738.63,146.77,2.71,,1936.79
2023-11-13,1537.16,1716.41,145.95,2.61,78.86,1945.89
2023-11-14,1593.81,1787.04,153.42,2.69,78.9,1962.67
2023-11-15,1602.62,1781.69,153.67,2.88,77.15,1959.09
2023-11-16,1589.67,1789.35,152.97,2.91,73.5,1980.85
2023-11-17,1601.31,1793.64,159.41,2.62,76.47,1980.01
2023-11-20,1619.66,1789.35,158.07,2.49,78.1,1977.19
2023-11-21,1606.97,1793.05,159.03,2.63,78.35,1998.37
2023-11-22,1611.19,1797.94,162.49,2.72,76.8,1989.72
2023-11-23,,1797.94,162.49,,,1991.79
2023-11-24,1621.37,1802.36,164.05,2.72,74.83,2001.97
2023-11-27,1615.38,1804.01,165.73,2.74,74.46,2013.64
2023-11-28,1618,1811.24,163.67,2.78,76.09,2040.89
2023-11-29,1632.66,1796.71,162.68,2.7,77.56,2044.59
2023-11-30,1632.74,1801.25,165.74,2.75,75.66,2035.75
2023-12-01,1665.58,1827.27,172.75,2.63,73.7,2070.9
2023-12-04,1658.87,1819.08,169.94,2.55,72.73,2029.74
2023-12-05,1647.66,1807.45,169.95,2.72,71.95,2019.42
2023-12-06,1644.76,1830.41,166.77,2.76,68.98,2024.9
2023-12-07,1656.09,1824.98,168.03,2.52,69,2028.34
2023-12-08,1667.99,1821.77,166.79,2.57,70.87,2003.39
2023-12-11,1678.93,1832.36,163.81,2.39,70.95,1981.3
2023-12-12,1682.34,1823.42,159.27,2.37,68.27,1979.44
2023-12-13,1716.54,1894.11,161.17,2.33,69.09,2026.39
2023-12-14,1745.08,1872.63,162.08,2.39,71.21,2035.53
2023-12-15,1746.65,1843.04,165.28,2.44,71.05,2018.19
2023-12-18,1746.04,1835.67,165.61,2.59,72.16,2027
2023-12-19,1772.25,1848.43,174.05,2.44,73.23,2040.12
2023-12-20,1727.21,1809.55,172.03,2.48,73.87,2029.19
2023-12-21,1761.78,1811.45,173.9,2.48,73.59,2045.49
2023-12-22,1769.77,1817.1,176.68,2.54,73.29,2052.98
2023-12-25,,1817.1,176.68,,,2054.93
2023-12-26,1790.62,1830.4,177.88,2.5,75.84,2066.6
2023-12-27,1790.57,1829.92,179.08,2.63,74.31,2077.16
2023-12-28,1790.71,1843.07,176.2,2.55,72.02,2064.86
2023-12-29,1771.33,1839.75,174.04,2.58,71.89,2062.59
2024-01-01,,1839.75,174.04,,,2063.8
2024-01-02,1723.05,1864.64,175.19,2.56,70.62,2058.88
2024-01-03,1679.29,1870.41,177.39,2.57,72.97,2040.78
2024-01-04,1668.12,1863.63,184.47,2.83,72.38,2043.26
2024-01-05,1668.88,1870.09,185.55,2.75,74,2045.5
2024-01-08,1706.71,1884.65,182.96,2.72,71.06,2027.84
2024-01-09,1700.51,1868.97,185.38,3.25,72.43,2029.59
2024-01-10,1711.42,1865.4,178.22,3.25,71.57,2023.4
2024-01-11,1713.59,1822.44,177.54,3.15,72.15,2028.09
2024-01-12,1701.08,1831.05,178.79,13.2,72.94,2048.72
2024-01-15,,1831.05,178.79,,,2054.49
2024-01-16,1686.73,1809.09,173.19,3.25,72.63,2027.59
2024-01-17,1668.36,1780.83,177.16,2.86,72.79,2005.72
2024-01-18,1686.99,1761.63,187.7,2.88,74.32,2022.67
2024-01-19,1715.03,1760.51,192.33,2.7,73.69,2029.09
2024-01-22,1736.88,1752.2,189.66,2.35,75.26,2020.99
2024-01-23,1749.05,1756.42,188.98,2.15,74.72,2028.69
2024-01-24,1741.79,1733.41,188,2.45,75.48,2012.59
2024-01-25,1746.27,1766.91,183.44,2.56,77.91,2019.75
2024-01-26,1737.15,1773.88,185.79,2.36,78.45,2018.34
2024-01-29,1764.98,1786.12,186.24,2.41,77.25,2031.75
2024-01-30,1741.96,1784.77,188.3,2.26,78.3,2036.12
2024-01-31,1703.09,1777.91,186.07,2.19,76.28,2037.19
2024-02-01,1722.1,1814.31,188.41,2.15,74.36,2054.89
2024-02-02,1736.6,1781.42,186.3,2.01,72.72,2038.59
2024-02-05,1725.04,1740.86,179.2,2.12,73.21,2024.67
2024-02-06,1739.97,1748.04,173.56,2.1,73.83,2035.46
2024-02-07,1748.51,1749.09,173.06,1.94,74.26,2034.22
2024-02-08,1756.69,1736.93,176.2,1.74,76.67,2033.18
2024-02-09,1776.29,1748.15,173.32,1.74,77.26,2024.16
2024-02-12,1779.74,1769.53,175.15,1.76,77.34,2019.79
2024-02-13,1727.48,1738.94,174.58,1.61,78.28,1992.13
2024-02-14,1761.18,1751.54,176.96,1.51,77.09,1992.39
2024-02-15,1787.54,1779.42,173.1,1.53,78.47,2004.09
2024-02-16,1764.77,1776.88,169.88,1.55,79.65,2013.1
2024-02-19,,1776.88,169.88,,,2017.63
2024-02-20,1744.99,1774.04,165.62,1.5,78.72,2023.53
2024-02-21,1718.11,1797.3,170.32,1.58,78.89,2024.99
2024-02-22,1751.2,1783.21,174.18,1.62,79.64,2024.11
2024-02-23,1742.92,1796.84,173.75,1.52,77.6,2035.72
2024-02-26,1762.07,1758.1,181.55,1.65,78.53,2030.66
2024-02-27,1772.13,1796.65,181.96,1.52,79.8,2029.64
2024-02-28,1754.02,1803.32,169.16,1.61,79.44,2034.62
2024-02-29,1775.09,1802.65,172.99,1.67,79.22,2043.24
2024-03-01,1798.16,1788.57,176.41,1.47,80.9,2083.39
2024-03-04,1789.43,1818.61,178.74,1.48,79.67,2114.99
2024-03-05,1758.2,1815.94,178.59,1.51,79.11,2127.55
2024-03-06,1790.44,1832.82,182.94,1.67,80.08,2148.29
2024-03-07,1808.04,1847.85,186.09,1.56,79.81,2159.16
2024-03-08,1795.09,1852.62,184.41,1.54,78.96,2177.51
2024-03-11,1783.64,1855.98,174.06,1.54,78.87,2182.47
2024-03-12,1804.39,1840.38,165.99,1.57,78.51,2157.99
2024-03-13,1787.97,1855.88,164.22,1.25,80.67,2174.4
2024-03-14,1758.09,1842.81,160.85,1.26,82.16,2161.01
2024-03-15,1741.89,1845.9,159.87,1.38,81.94,2155.54
2024-03-18,1748.41,1854.79,160.18,1.54,83.68,2159.99
2024-03-19,1749.15,1874.07,163.45,1.55,84.39,2157.23
2024-03-20,1779.34,1881.96,164.55,1.58,82.79,2185.96
2024-03-21,1795.77,1879.84,166.18,1.55,81.99,2180.81
2024-03-22,1783.11,1884.38,163.31,1.5,81.1,2164.15
2024-03-25,1778.95,1895.97,163.8,1.46,82.41,2171.45
2024-03-26,1772.72,1871.07,162.05,1.48,82.41,2178.58
2024-03-27,1795.51,1922.71,167.05,1.43,82.15,2194.02
2024-03-28,1797.65,1937.86,167.37,1.54,83.96,2232.38
2024-04-01,1790.06,1927.4,165.64,1.64,84.54,2250.36
2024-04-02,1762.7,1928.23,163.04,1.65,85.95,2280.1
2024-04-03,1762.77,1924.66,164.53,1.86,86.22,2299.17
2024-04-04,1740.66,1918.58,159.05,1.78,87.37,2289.43
2024-04-05,1748.43,1931.11,159.36,1.58,87.69,2329.5
2024-04-08,1755.28,1943.3,161.23,1.73,87.24,2338.89
2024-04-09,1776.94,1949.03,163.25,1.83,86.04,2352.58
2024-04-10,1737.78,1917.39,164.4,1.9,86.98,2332.79
2024-04-11,1748.47,1915.67,165.91,1.62,85.79,2373.24
2024-04-12,1704.21,1898.45,164.47,1.36,86.46,2343.43
2024-04-15,1665.79,1879.28,164.6,1.41,86.21,2382.51
2024-04-16,1655.8,1853.96,174.24,1.38,86.15,2382.83
2024-04-17,1636.32,1893.91,170.7,1.5,83.58,2360.81
2024-04-18,1626.38,1900.78,169.8,1.59,83.5,2378.25
2024-04-19,1610.91,1926.1,169.57,1.43,83.79,2390.45
2024-04-22,1624.92,1946.41,169.58,1.64,83.82,2326.29
2024-04-23,1654.81,1958.95,165.64,1.59,84.17,2321.81
2024-04-24,1659.18,1970.35,166.53,1.6,84.09,2315.82
2024-04-25,1649.71,1977.21,172.85,1.46,84.92,2331.78
2024-04-26,1675.67,1956.25,172.95,1.4,85.38,2337.72
2024-04-29,1688.6,1989.15,173.81,1.55,84.26,2334.44
2024-04-30,1658.84,1975.82,165.79,1.68,83.49,2285.57
2024-05-01,1657.97,2000.14,163.34,1.63,80.7,2317.9
2024-05-02,1685.43,2013.1,163.29,1.66,80.59,2303.29
2024-05-03,1706.01,2033.67,166.79,1.67,79.65,2301.56
2024-05-06,1731.94,2046.14,161.12,1.88,80.1,2323.57
2024-05-07,1721.25,2064.5,163.62,1.95,79.97,2313.79
2024-05-08,1720.29,2087.55,162.49,2.01,80.57,2308.65
2024-05-09,1719.26,2123.53,163.65,2.03,80.86,2345.88
2024-05-10,1708.94,2118.77,160.02,2.14,79.81,2360.14
2024-05-13,1726.58,2120.82,161.07,2.11,80.71,2336.05
2024-05-14,1747.1,2128.7,159.76,2.14,79.62,2357.97
2024-05-15,1765.35,2159.77,161.95,2.12,80.23,2386.04
2024-05-16,1757.3,2151.59,161.39,2.32,80.85,2376.44
2024-05-17,1753.49,2149,162.65,2.44,81.66,2414.89
2024-05-20,1762.74,2144.59,166.97,2.52,81.39,2425.12
2024-05-21,1752.05,2167.36,171.01,2.52,80.66,2421.64
2024-05-22,1749.27,2143.1,171.39,2.51,79.15,2378.25
2024-05-23,1719.65,2107.83,168.93,2.64,77.47,2328.37
2024-05-24,1727.33,2133.95,171.19,2.22,78.48,2333.76
2024-05-27,,2133.95,171.19,,,2350.74
2024-05-28,1727.92,2136.03,172.15,2.29,80.9,2360.95
2024-05-29,1704.6,2107.64,168.71,2.2,80.24,2338.77
2024-05-30,1690.37,2140.49,172.73,1.87,78.96,2343
2024-05-31,1696,2171.97,177.76,1.78,77.97,2326.97
2024-06-03,1692.62,2138.85,184.39,2.55,75.26,2350.35
2024-06-04,1680.83,2132.85,169.16,2.58,74.27,2327.68
2024-06-05,1720.33,2123.97,172.54,2.27,75.08,2354.78
2024-06-06,1717.27,2099.3,173.99,2.3,76.52,2375.61
2024-06-07,1703.8,2074.09,170.77,2.46,76.53,2292.71
2024-06-10,1712.01,2105.35,170.15,2.61,78.75,2310.6
2024-06-11,1709.54,2085.76,166.23,2.71,78.88,2316.27
2024-06-12,1728.78,2070.95,166.07,2.8,79.56,2322.55
2024-06-13,1709.58,2075.81,165.96,2.79,79.61,2303.19
2024-06-14,1694.96,2067.25,163.83,2.74,79.41,2332.52
2024-06-17,1710.11,2043.01,163.26,2.5,81.33,2318.87
2024-06-18,1710.35,2040.99,164.64,2.43,82.67,2328.33
2024-06-19,,2040.99,164.64,,,2327.48
2024-06-20,1699.32,2061.3,165.23,2.39,83.34,2359.63
2024-06-21,1698.12,2051.89,159.15,2.44,81.71,2320.34
2024-06-24,1690.73,2076.57,161.03,2.58,82.63,2332.93
2024-06-25,1685.95,2057.44,157.4,2.61,81.97,2319.01
2024-06-26,1695.08,2049,159.97,2.45,82.19,2297.91
2024-06-27,1706.95,2052.76,157.03,2.55,83.04,2327.45
2024-06-28,1709.21,2023.53,161.44,2.42,82.83,2325.71
2024-07-01,1698.78,2008.89,179.74,2.21,84.7,2331.7
2024-07-02,1716.47,2017.95,177.57,2.06,84.09,2329.28
2024-07-03,1728.74,2036.54,177.01,2.02,85.19,2356.06
2024-07-04,,2036.54,177.01,,,2356.12
2024-07-05,1744.15,2037.53,172.38,2.02,84.44,2391.46
2024-07-08,1750.4,2040.5,172.27,2.1,83.63,2358.8
2024-07-09,1738.6,2046.62,170.12,2.42,82.78,2363.58
2024-07-10,1761.01,2065.77,167.23,2.4,83.39,2371.07
2024-07-11,1772.15,2107.01,170.71,2.23,83.92,2414.78
2024-07-12,1789.83,2122.43,173.62,2.17,83.49,2411.27
2024-07-15,1799.1,2064.87,177.62,2.12,83.22,2422.07
2024-07-16,1828.41,2082.31,178.02,2.1,81.92,2468.57
2024-07-17,1779.51,2076.76,174.66,1.98,84.16,2458.38
2024-07-18,1749.05,2076.81,171.88,2,84.17,2444.97
2024-07-19,1733.21,2081.11,170,1.88,81.43,2400.79
2024-07-22,1765.68,2100.64,168.39,2.19,81.25,2397.65
2024-07-23,1767.57,2086.11,167.89,2.13,78.24,2409.21
2024-07-24,1706.65,2111.22,166.03,2,78.78,2397.59
2024-07-25,1719.2,2093.16,163.45,2,79.43,2364.5
2024-07-26,1736.5,2115.28,166.48,1.98,78.58,2385.57
2024-07-29,1726.43,2122.77,164.02,1.9,77.27,2383.54
2024-07-30,1706.41,2132.65,161.47,1.81,76.17,2408.43
2024-07-31,1733.75,2167.7,167,1.94,79.36,2448.1
2024-08-01,1668.84,2207.46,160.35,1.95,77.74,2445.42
2024-08-02,1609.14,2208.27,152.8,1.89,74.99,2443.29
2024-08-05,1565.27,2149.53,147.37,1.83,74.46,2407.65
2024-08-06,1580.18,2168.06,147.77,1.83,74.6,2389.37
2024-08-07,1561.4,2182.23,146.87,1.96,76.68,2381.53
2024-08-08,1619.87,2187.27,150.24,1.85,77.64,2426.75
2024-08-09,1620.65,2191.51,152.33,1.94,78.28,2430.93
2024-08-12,1607.09,2191.28,150.6,2.1,81.45,2472.25
2024-08-13,1648.34,2208.06,151.86,2.16,79.81,2465.03
2024-08-14,1643.74,2205.03,142.88,2.18,78.47,2447.64
2024-08-15,1686.18,2203.25,144.86,2.19,79.66,2456.1
2024-08-16,1696.84,2215.64,147.66,2.01,78.05,2507.28
2024-08-19,1727.9,2228.64,148.28,2.12,75.82,2503.92
2024-08-20,1715.43,2221.86,145.62,2.18,75.27,2513.74
2024-08-21,1735.11,2239.7,147.81,2.14,72.76,2511.95
2024-08-22,1705.44,2232.7,144,1.93,73.72,2483.29
2024-08-23,1743.11,2242.95,146.17,1.82,75.82,2512.07
2024-08-26,1730.6,2255.91,144.45,2.13,78.4,2516.89
2024-08-27,1725.01,2237.89,148.72,1.91,76.5,2524.57
2024-08-28,1705.99,2234.91,150.75,1.89,75.49,2502.25
2024-08-29,1724.57,2249.46,153.72,1.85,76.9,2521.18
2024-08-30,1737.07,2262.58,153.7,1.93,74.52,2503.03
2024-09-02,,2262.58,153.7,,,2499.29
2024-09-03,1675.92,2254.09,143.3,1.93,71.28,2492.76
2024-09-04,1673.01,2274.73,141.62,2.05,70.11,2494.19
2024-09-05,1665.24,2266.82,137.5,2.02,70.09,2516.32
2024-09-06,1631.61,2243.84,133.62,2.09,68.58,2497.03
2024-09-09,1652.26,2264.93,132.46,2.03,69.65,2505.25
2024-09-10,1650.28,2276.71,130.94,2.13,66.73,2516.12
2024-09-11,1677.93,2290.5,132.76,2.13,68.25,2511.44
2024-09-12,1686.85,2295.51,136.62,2.13,69.89,2558.75
2024-09-13,1710.29,2329.96,140.98,2.25,69.59,2576.5
2024-09-16,1705.41,2346.82,141.07,2.23,71.1,2582.58
2024-09-17,1717.79,2346.28,139.69,2.33,72.16,2569.52
2024-09-18,1709.5,2328.5,137.8,2.31,71.87,2558.8
2024-09-19,1754.13,2312.45,143.11,2.24,72.86,2586.48
2024-09-20,1741.52,2378.51,143.92,2.2,72.72,2621.96
2024-09-23,1748.97,2401.99,143.68,2.4,71.33,2628.4
2024-09-24,1766.96,2386.36,151.99,2.61,72.34,2656.7
2024-09-25,1755.46,2401.12,151.45,2.62,70.42,2656.82
2024-09-26,1800.93,2382.35,158.06,2.64,68.28,2670.2
2024-09-27,1809.32,2407.33,160.56,2.53,68.72,2657.97
2024-09-30,1803.31,2415.98,160.28,2.65,68.75,2634.49
2024-10-01,1776.34,2435.8,158.5,2.67,70.41,2662.82
2024-10-02,1792.12,2436.42,156.18,2.77,70.74,2657.75
2024-10-03,1776.75,2437.47,156.04,2.75,74.33,2655.9
2024-10-04,1810.42,2436.77,160.08,2.49,74.93,2652.25
2024-10-07,1797.08,2380.13,161.91,2.51,77.76,2643.58
2024-10-08,1799,2380.37,156.41,2.51,74.26,2621.94
2024-10-09,1819.15,2354.82,156.9,2.43,73.85,2607.77
2024-10-10,1826.78,2342.67,161.08,2.26,76.46,2629.48
2024-10-11,1849.59,2361.67,162.57,2.31,76.11,2656
2024-10-14,1860.56,2394.56,162.45,,,2651.05
2024-10-15,1821.46,2400.01,158.26,2.37,71.22,2660.99
2024-10-16,1828.94,2452.3,160.75,2.21,70.97,2673.24
2024-10-17,1827.17,2423.11,157.01,2.19,71.26,2692.55
2024-10-18,1840.9,2438.17,155.74,1.82,69.78,2720.25
2024-10-21,1829.45,2432.45,154.32,1.76,71.16,2719.65
2024-10-22,1818.05,2422.36,153.78,1.76,72.84,2748.38
2024-10-23,1797.7,2447.4,150.44,1.9,71.37,2717.54
2024-10-24,1811.92,2430.3,152.09,2.04,70.58,2735.7
2024-10-25,1821.97,2396.37,153.46,1.93,72.02,2747.69
2024-10-28,1843.78,2419.32,156.66,2.03,67.65,2741.98
2024-10-29,1859.13,2365.93,156.98,1.82,67.48,2775.13
2024-10-30,1849.2,2358.13,155.71,2.03,68.91,2786.19
2024-10-31,1799.43,2386.6,160.28,1.82,69.58,2743.8
2024-11-01,1835.6,2330.49,159.24,1.42,69.81,2735.16
2024-11-04,1826.71,2300.34,160.38,1.35,71.83,2736.39
2024-11-05,1871.36,2336.77,167.05,1.62,72.26,2743.59
2024-11-06,1942.68,2300.14,184.13,1.8,71.98,2659.24
2024-11-07,1963.09,2308.55,183.93,1.49,72.69,2706.99
2024-11-08,1976.98,2345.87,183.2,1.21,70.69,2683.77
2024-11-11,1993.02,2353.6,182.73,1.21,,2620.2
2024-11-12,1966,2322.24,176.42,1.92,68.43,2597.27
2024-11-13,1961.66,2317.19,177.19,2.06,68.76,2573.78
2024-11-14,1914.08,2313.83,175.97,2.11,68.99,2566.19
2024-11-15,1882.27,2344.31,174.96,1.65,67.33,2561.24
2024-11-18,1888.7,2359.36,177.45,2.08,69.46,2612.2
2024-11-19,1912.79,2377.31,178.51,2.1,69.75,2631.68
2024-11-20,1914.15,2377.62,179.36,2.32,69.25,2650.05
2024-11-21,1946.67,2422,187.08,2.84,70.39,2669.69
2024-11-22,1973.65,2404.85,183.9,2.41,71.68,2712.55
2024-11-25,1998.18,2408.71,183.27,2.78,69.41,2625.26
2024-11-26,1984.81,2450.79,178.95,3.19,69.05,2631.89
2024-11-27,1959.6,2448.51,180.01,3.39,69.03,2635.51
2024-11-28,,2448.51,180.01,,,2640.96
2024-11-29,1975.52,2450.4,178.53,3.39,68.26,2653.55
2024-12-02,1976.45,2396.82,175.89,3.05,68.35,2638.93
2024-12-03,1980.9,2376.05,176.06,2.94,70.15,2643.44
2024-12-04,2006.9,2378.86,172.44,2.75,68.81,2649.79
2024-12-05,1976.04,2386.56,171.63,2.95,68.58,2632.05
2024-12-06,1999.03,2358.24,164.06,2.83,68.58,2632.91
2024-12-09,2007.77,2323.22,164.51,3.05,68.65,2658.78
2024-12-10,1982.53,2299.97,165.57,2.9,68.85,2693.64
2024-12-11,1996.54,2291.35,163.96,2.9,70.57,2717.93
2024-12-12,1996.31,2285.09,164.67,3.12,70.25,2681.33
2024-12-13,1993.71,2285.94,162.23,3.15,71.54,2648.39
2024-12-16,2014.18,2267.43,158.96,2.87,71.03,2652.5
2024-12-17,2000.61,2258.58,155.06,2.85,70.31,2645.54
2024-12-18,1912.37,2201.57,152.21,3.01,70.8,2587.63
2024-12-19,1897.35,2208.68,150.06,3.15,70.1,2593.85
2024-12-20,1922.71,2243.53,145.56,3.1,69.71,2620.77
2024-12-23,1932.18,2254.91,145.7,2.89,69.5,2612.93
2024-12-24,1951.62,2268.09,144.65,2.95,70.87,2613.2
2024-12-26,1959.99,2262.15,143.77,2.96,70.38,2634.43
2024-12-27,1934.51,2253.33,143.22,2.91,71.28,2620
2024-12-30,1905.84,2246.13,146.55,3.39,71.73,2605.39
2024-12-31,1898.09,2242.2,147,3.4,72.44,2623.81
