Date,Price,,,,,
12/31/2024,"2,623.81",,,,,
12/30/2024,"2,605.39",,,,,
12/27/2024,"2,620.00",,,,,
12/26/2024,"2,634.43",,,,,
12/24/2024,"2,613.20",,,,,
12/23/2024,"2,612.93",,,,,
12/20/2024,"2,620.77",,,,,
12/19/2024,"2,593.85",,,,,
12/18/2024,"2,587.63",,,,,
12/17/2024,"2,645.54",,,,,
12/16/2024,"2,652.50",,,,,
12/13/2024,"2,648.39",,,,,
12/12/2024,"2,681.33",,,,,
12/11/2024,"2,717.93",,,,,
12/10/2024,"2,693.64",,,,,
12/09/2024,"2,658.78",,,,,
12/06/2024,"2,632.91",,,,,
12/05/2024,"2,632.05",,,,,
12/04/2024,"2,649.79",,,,,
12/03/2024,"2,643.44",,,,,
12/02/2024,"2,638.93",,,,,
11/29/2024,"2,653.55",,,,,
11/28/2024,"2,640.96",,,,,
11/27/2024,"2,635.51",,,,,
11/26/2024,"2,631.89",,,,,
11/25/2024,"2,625.26",,,,,
11/22/2024,"2,712.55",,,,,
11/21/2024,"2,669.69",,,,,
11/20/2024,"2,650.05",,,,,
11/19/2024,"2,631.68",,,,,
11/18/2024,"2,612.20",,,,,
11/15/2024,"2,561.24",,,,,
11/14/2024,"2,566.19",,,,,
11/13/2024,"2,573.78",,,,,
11/12/2024,"2,597.27",,,,,
11/11/2024,"2,620.20",,,,,
11/08/2024,"2,683.77",,,,,
11/07/2024,"2,706.99",,,,,
11/06/2024,"2,659.24",,,,,
11/05/2024,"2,743.59",,,,,
11/04/2024,"2,736.39",,,,,
11/01/2024,"2,735.16",,,,,
10/31/2024,"2,743.80",,,,,
10/30/2024,"2,786.19",,,,,
10/29/2024,"2,775.13",,,,,
10/28/2024,"2,741.98",,,,,
10/25/2024,"2,747.69",,,,,
10/24/2024,"2,735.70",,,,,
10/23/2024,"2,717.54",,,,,
10/22/2024,"2,748.38",,,,,
10/21/2024,"2,719.65",,,,,
10/18/2024,"2,720.25",,,,,
10/17/2024,"2,692.55",,,,,
10/16/2024,"2,673.24",,,,,
10/15/2024,"2,660.99",,,,,
10/14/2024,"2,651.05",,,,,
10/11/2024,"2,656.00",,,,,
10/10/2024,"2,629.48",,,,,
10/09/2024,"2,607.77",,,,,
10/08/2024,"2,621.94",,,,,
10/07/2024,"2,643.58",,,,,
10/04/2024,"2,652.25",,,,,
10/03/2024,"2,655.90",,,,,
10/02/2024,"2,657.75",,,,,
10/01/2024,"2,662.82",,,,,
09/30/2024,"2,634.49",,,,,
09/27/2024,"2,657.97",,,,,
09/26/2024,"2,670.20",,,,,
09/25/2024,"2,656.82",,,,,
09/24/2024,"2,656.70",,,,,
09/23/2024,"2,628.40",,,,,
09/20/2024,"2,621.96",,,,,
09/19/2024,"2,586.48",,,,,
09/18/2024,"2,558.80",,,,,
09/17/2024,"2,569.52",,,,,
09/16/2024,"2,582.58",,,,,
09/13/2024,"2,576.50",,,,,
09/12/2024,"2,558.75",,,,,
09/11/2024,"2,511.44",,,,,
09/10/2024,"2,516.12",,,,,
09/09/2024,"2,505.25",,,,,
09/06/2024,"2,497.03",,,,,
09/05/2024,"2,516.32",,,,,
09/04/2024,"2,494.19",,,,,
09/03/2024,"2,492.76",,,,,
09/02/2024,"2,499.29",,,,,
08/30/2024,"2,503.03",,,,,
08/29/2024,"2,521.18",,,,,
08/28/2024,"2,502.25",,,,,
08/27/2024,"2,524.57",,,,,
08/26/2024,"2,516.89",,,,,
08/23/2024,"2,512.07",,,,,
08/22/2024,"2,483.29",,,,,
08/21/2024,"2,511.95",,,,,
08/20/2024,"2,513.74",,,,,
08/19/2024,"2,503.92",,,,,
08/16/2024,"2,507.28",,,,,
08/15/2024,"2,456.10",,,,,
08/14/2024,"2,447.64",,,,,
08/13/2024,"2,465.03",,,,,
08/12/2024,"2,472.25",,,,,
08/09/2024,"2,430.93",,,,,
08/08/2024,"2,426.75",,,,,
08/07/2024,"2,381.53",,,,,
08/06/2024,"2,389.37",,,,,
08/05/2024,"2,407.65",,,,,
08/02/2024,"2,443.29",,,,,
08/01/2024,"2,445.42",,,,,
07/31/2024,"2,448.10",,,,,
07/30/2024,"2,408.43",,,,,
07/29/2024,"2,383.54",,,,,
07/26/2024,"2,385.57",,,,,
07/25/2024,"2,364.50",,,,,
07/24/2024,"2,397.59",,,,,
07/23/2024,"2,409.21",,,,,
07/22/2024,"2,397.65",,,,,
07/19/2024,"2,400.79",,,,,
07/18/2024,"2,444.97",,,,,
07/17/2024,"2,458.38",,,,,
07/16/2024,"2,468.57",,,,,
07/15/2024,"2,422.07",,,,,
07/12/2024,"2,411.27",,,,,
07/11/2024,"2,414.78",,,,,
07/10/2024,"2,371.07",,,,,
07/09/2024,"2,363.58",,,,,
07/08/2024,"2,358.80",,,,,
07/05/2024,"2,391.46",,,,,
07/04/2024,"2,356.12",,,,,
07/03/2024,"2,356.06",,,,,
07/02/2024,"2,329.28",,,,,
07/01/2024,"2,331.70",,,,,
06/28/2024,"2,325.71",,,,,
06/27/2024,"2,327.45",,,,,
06/26/2024,"2,297.91",,,,,
06/25/2024,"2,319.01",,,,,
06/24/2024,"2,332.93",,,,,
06/21/2024,"2,320.34",,,,,
06/20/2024,"2,359.63",,,,,
06/19/2024,"2,327.48",,,,,
06/18/2024,"2,328.33",,,,,
06/17/2024,"2,318.87",,,,,
06/14/2024,"2,332.52",,,,,
06/13/2024,"2,303.19",,,,,
06/12/2024,"2,322.55",,,,,
06/11/2024,"2,316.27",,,,,
06/10/2024,"2,310.60",,,,,
06/07/2024,"2,292.71",,,,,
06/06/2024,"2,375.61",,,,,
06/05/2024,"2,354.78",,,,,
06/04/2024,"2,327.68",,,,,
06/03/2024,"2,350.35",,,,,
05/31/2024,"2,326.97",,,,,
05/30/2024,"2,343.00",,,,,
05/29/2024,"2,338.77",,,,,
05/28/2024,"2,360.95",,,,,
05/27/2024,"2,350.74",,,,,
05/24/2024,"2,333.76",,,,,
05/23/2024,"2,328.37",,,,,
05/22/2024,"2,378.25",,,,,
05/21/2024,"2,421.64",,,,,
05/20/2024,"2,425.12",,,,,
05/17/2024,"2,414.89",,,,,
05/16/2024,"2,376.44",,,,,
05/15/2024,"2,386.04",,,,,
05/14/2024,"2,357.97",,,,,
05/13/2024,"2,336.05",,,,,
05/10/2024,"2,360.14",,,,,
05/09/2024,"2,345.88",,,,,
05/08/2024,"2,308.65",,,,,
05/07/2024,"2,313.79",,,,,
05/06/2024,"2,323.57",,,,,
05/03/2024,"2,301.56",,,,,
05/02/2024,"2,303.29",,,,,
05/01/2024,"2,317.90",,,,,
04/30/2024,"2,285.57",,,,,
04/29/2024,"2,334.44",,,,,
04/26/2024,"2,337.72",,,,,
04/25/2024,"2,331.78",,,,,
04/24/2024,"2,315.82",,,,,
04/23/2024,"2,321.81",,,,,
04/22/2024,"2,326.29",,,,,
04/19/2024,"2,390.45",,,,,
04/18/2024,"2,378.25",,,,,
04/17/2024,"2,360.81",,,,,
04/16/2024,"2,382.83",,,,,
04/15/2024,"2,382.51",,,,,
04/12/2024,"2,343.43",,,,,
04/11/2024,"2,373.24",,,,,
04/10/2024,"2,332.79",,,,,
04/09/2024,"2,352.58",,,,,
04/08/2024,"2,338.89",,,,,
04/05/2024,"2,329.50",,,,,
04/04/2024,"2,289.43",,,,,
04/03/2024,"2,299.17",,,,,
04/02/2024,"2,280.10",,,,,
04/01/2024,"2,250.36",,,,,
03/28/2024,"2,232.38",,,,,
03/27/2024,"2,194.02",,,,,
03/26/2024,"2,178.58",,,,,
03/25/2024,"2,171.45",,,,,
03/22/2024,"2,164.15",,,,,
03/21/2024,"2,180.81",,,,,
03/20/2024,"2,185.96",,,,,
03/19/2024,"2,157.23",,,,,
03/18/2024,"2,159.99",,,,,
03/15/2024,"2,155.54",,,,,
03/14/2024,"2,161.01",,,,,
03/13/2024,"2,174.40",,,,,
03/12/2024,"2,157.99",,,,,
03/11/2024,"2,182.47",,,,,
03/08/2024,"2,177.51",,,,,
03/07/2024,"2,159.16",,,,,
03/06/2024,"2,148.29",,,,,
03/05/2024,"2,127.55",,,,,
03/04/2024,"2,114.99",,,,,
03/01/2024,"2,083.39",,,,,
02/29/2024,"2,043.24",,,,,
02/28/2024,"2,034.62",,,,,
02/27/2024,"2,029.64",,,,,
02/26/2024,"2,030.66",,,,,
02/23/2024,"2,035.72",,,,,
02/22/2024,"2,024.11",,,,,
02/21/2024,"2,024.99",,,,,
02/20/2024,"2,023.53",,,,,
02/19/2024,"2,017.63",,,,,
02/16/2024,"2,013.10",,,,,
02/15/2024,"2,004.09",,,,,
02/14/2024,"1,992.39",,,,,
02/13/2024,"1,992.13",,,,,
02/12/2024,"2,019.79",,,,,
02/09/2024,"2,024.16",,,,,
02/08/2024,"2,033.18",,,,,
02/07/2024,"2,034.22",,,,,
02/06/2024,"2,035.46",,,,,
02/05/2024,"2,024.67",,,,,
02/02/2024,"2,038.59",,,,,
02/01/2024,"2,054.89",,,,,
01/31/2024,"2,037.19",,,,,
01/30/2024,"2,036.12",,,,,
01/29/2024,"2,031.75",,,,,
01/26/2024,"2,018.34",,,,,
01/25/2024,"2,019.75",,,,,
01/24/2024,"2,012.59",,,,,
01/23/2024,"2,028.69",,,,,
01/22/2024,"2,020.99",,,,,
01/19/2024,"2,029.09",,,,,
01/18/2024,"2,022.67",,,,,
01/17/2024,"2,005.72",,,,,
01/16/2024,"2,027.59",,,,,
01/15/2024,"2,054.49",,,,,
01/12/2024,"2,048.72",,,,,
01/11/2024,"2,028.09",,,,,
01/10/2024,"2,023.40",,,,,
01/09/2024,"2,029.59",,,,,
01/08/2024,"2,027.84",,,,,
01/05/2024,"2,045.50",,,,,
01/04/2024,"2,043.26",,,,,
01/03/2024,"2,040.78",,,,,
01/02/2024,"2,058.88",,,,,
01/01/2024,"2,063.80",,,,,
12/29/2023,"2,062.59",,,,,
12/28/2023,"2,064.86",,,,,
12/27/2023,"2,077.16",,,,,
12/26/2023,"2,066.60",,,,,
12/25/2023,"2,054.93",,,,,
12/22/2023,"2,052.98",,,,,
12/21/2023,"2,045.49",,,,,
12/20/2023,"2,029.19",,,,,
12/19/2023,"2,040.12",,,,,
12/18/2023,"2,027.00",,,,,
12/15/2023,"2,018.19",,,,,
12/14/2023,"2,035.53",,,,,
12/13/2023,"2,026.39",,,,,
12/12/2023,"1,979.44",,,,,
12/11/2023,"1,981.30",,,,,
12/08/2023,"2,003.39",,,,,
12/07/2023,"2,028.34",,,,,
12/06/2023,"2,024.90",,,,,
12/05/2023,"2,019.42",,,,,
12/04/2023,"2,029.74",,,,,
12/01/2023,"2,070.90",,,,,
11/30/2023,"2,035.75",,,,,
11/29/2023,"2,044.59",,,,,
11/28/2023,"2,040.89",,,,,
11/27/2023,"2,013.64",,,,,
11/24/2023,"2,001.97",,,,,
11/23/2023,"1,991.79",,,,,
11/22/2023,"1,989.72",,,,,
11/21/2023,"1,998.37",,,,,
11/20/2023,"1,977.19",,,,,
11/17/2023,"1,980.01",,,,,
11/16/2023,"1,980.85",,,,,
11/15/2023,"1,959.09",,,,,
11/14/2023,"1,962.67",,,,,
11/13/2023,"1,945.89",,,,,
11/10/2023,"1,936.79",,,,,
11/09/2023,"1,958.19",,,,,
11/08/2023,"1,949.79",,,,,
11/07/2023,"1,968.40",,,,,
11/06/2023,"1,977.68",,,,,
11/03/2023,"1,992.27",,,,,
11/02/2023,"1,985.51",,,,,
11/01/2023,"1,982.15",,,,,
10/31/2023,"1,982.70",,,,,
10/30/2023,"1,995.88",,,,,
10/27/2023,"2,005.78",,,,,
10/26/2023,"1,984.82",,,,,
10/25/2023,"1,979.62",,,,,
10/24/2023,"1,970.11",,,,,
10/23/2023,"1,972.59",,,,,
10/20/2023,"1,981.04",,,,,
10/19/2023,"1,973.70",,,,,
10/18/2023,"1,947.69",,,,,
10/17/2023,"1,923.07",,,,,
10/16/2023,"1,919.44",,,,,
10/13/2023,"1,931.70",,,,,
10/12/2023,"1,868.65",,,,,
10/11/2023,"1,873.61",,,,,
10/10/2023,"1,860.09",,,,,
10/09/2023,"1,860.88",,,,,
10/06/2023,"1,832.26",,,,,
10/05/2023,"1,820.01",,,,,
10/04/2023,"1,821.08",,,,,
10/03/2023,"1,822.81",,,,,
10/02/2023,"1,827.40",,,,,
09/29/2023,"1,848.31",,,,,
09/28/2023,"1,864.56",,,,,
09/27/2023,"1,874.70",,,,,
09/26/2023,"1,900.49",,,,,
09/25/2023,"1,915.66",,,,,
09/22/2023,"1,924.99",,,,,
09/21/2023,"1,919.57",,,,,
09/20/2023,"1,929.68",,,,,
09/19/2023,"1,930.94",,,,,
09/18/2023,"1,933.14",,,,,
09/15/2023,"1,923.57",,,,,
09/14/2023,"1,910.32",,,,,
09/13/2023,"1,906.30",,,,,
09/12/2023,"1,913.26",,,,,
09/11/2023,"1,921.66",,,,,
09/08/2023,"1,917.81",,,,,
09/07/2023,"1,919.19",,,,,
09/06/2023,"1,916.28",,,,,
09/05/2023,"1,925.81",,,,,
09/04/2023,"1,938.19",,,,,
09/01/2023,"1,938.80",,,,,
08/31/2023,"1,939.74",,,,,
08/30/2023,"1,942.24",,,,,
08/29/2023,"1,937.12",,,,,
08/28/2023,"1,919.66",,,,,
08/25/2023,"1,914.53",,,,,
08/24/2023,"1,917.43",,,,,
08/23/2023,"1,914.31",,,,,
08/22/2023,"1,897.47",,,,,
08/21/2023,"1,893.94",,,,,
08/18/2023,"1,888.19",,,,,
08/17/2023,"1,888.89",,,,,
08/16/2023,"1,891.76",,,,,
08/15/2023,"1,901.56",,,,,
08/14/2023,"1,907.90",,,,,
08/11/2023,"1,913.32",,,,,
08/10/2023,"1,912.06",,,,,
08/09/2023,"1,914.59",,,,,
08/08/2023,"1,924.82",,,,,
08/07/2023,"1,936.39",,,,,
08/04/2023,"1,941.62",,,,,
08/03/2023,"1,933.74",,,,,
08/02/2023,"1,933.56",,,,,
08/01/2023,"1,944.08",,,,,
07/31/2023,"1,964.19",,,,,
07/28/2023,"1,959.20",,,,,
07/27/2023,"1,944.99",,,,,
07/26/2023,"1,972.10",,,,,
07/25/2023,"1,964.58",,,,,
07/24/2023,"1,954.51",,,,,
07/21/2023,"1,960.23",,,,,
07/20/2023,"1,969.62",,,,,
07/19/2023,"1,977.25",,,,,
07/18/2023,"1,978.71",,,,,
07/17/2023,"1,954.74",,,,,
07/14/2023,"1,954.93",,,,,
07/13/2023,"1,960.19",,,,,
07/12/2023,"1,957.09",,,,,
07/11/2023,"1,931.99",,,,,
07/10/2023,"1,924.99",,,,,
07/07/2023,"1,924.28",,,,,
07/06/2023,"1,910.80",,,,,
07/05/2023,"1,917.32",,,,,
07/04/2023,"1,925.09",,,,,
07/03/2023,"1,921.43",,,,,
06/30/2023,"1,919.57",,,,,
06/29/2023,"1,908.15",,,,,
06/28/2023,"1,907.42",,,,,
06/27/2023,"1,913.35",,,,,
06/26/2023,"1,922.85",,,,,
06/23/2023,"1,921.36",,,,,
06/22/2023,"1,913.52",,,,,
06/21/2023,"1,932.26",,,,,
06/20/2023,"1,935.91",,,,,
06/19/2023,"1,950.12",,,,,
06/16/2023,"1,957.36",,,,,
06/15/2023,"1,957.65",,,,,
06/14/2023,"1,942.99",,,,,
06/13/2023,"1,943.33",,,,,
06/12/2023,"1,956.92",,,,,
06/09/2023,"1,960.60",,,,,
06/08/2023,"1,967.76",,,,,
06/07/2023,"1,939.63",,,,,
06/06/2023,"1,962.85",,,,,
06/05/2023,"1,961.76",,,,,
06/02/2023,"1,947.63",,,,,
06/01/2023,"1,977.88",,,,,
05/31/2023,"1,962.30",,,,,
05/30/2023,"1,959.14",,,,,
05/29/2023,"1,942.84",,,,,
05/26/2023,"1,946.33",,,,,
05/25/2023,"1,940.34",,,,,
05/24/2023,"1,957.01",,,,,
05/23/2023,"1,974.73",,,,,
05/22/2023,"1,969.43",,,,,
05/19/2023,"1,976.56",,,,,
05/18/2023,"1,958.05",,,,,
05/17/2023,"1,981.72",,,,,
05/16/2023,"1,988.60",,,,,
05/15/2023,"2,020.60",,,,,
05/12/2023,"2,011.15",,,,,
05/11/2023,"2,015.55",,,,,
05/10/2023,"2,029.51",,,,,
05/09/2023,"2,034.17",,,,,
05/08/2023,"2,021.39",,,,,
05/05/2023,"2,016.54",,,,,
05/04/2023,"2,051.11",,,,,
05/03/2023,"2,039.02",,,,,
05/02/2023,"2,016.28",,,,,
05/01/2023,"1,982.05",,,,,
04/28/2023,"1,989.65",,,,,
04/27/2023,"1,987.87",,,,,
04/26/2023,"1,989.48",,,,,
04/25/2023,"1,997.87",,,,,
04/24/2023,"1,988.88",,,,,
04/21/2023,"1,982.89",,,,,
04/20/2023,"2,004.34",,,,,
04/19/2023,"1,993.26",,,,,
04/18/2023,"2,004.93",,,,,
04/17/2023,"1,994.77",,,,,
04/14/2023,"2,003.04",,,,,
04/13/2023,"2,039.73",,,,,
04/12/2023,"2,014.67",,,,,
04/11/2023,"2,003.14",,,,,
04/10/2023,"1,989.95",,,,,
04/06/2023,"2,008.02",,,,,
04/05/2023,"2,020.35",,,,,
04/04/2023,"2,019.97",,,,,
04/03/2023,"1,984.11",,,,,
03/31/2023,"1,967.90",,,,,
03/30/2023,"1,980.25",,,,,
03/29/2023,"1,964.04",,,,,
03/28/2023,"1,973.69",,,,,
03/27/2023,"1,956.56",,,,,
03/24/2023,"1,977.22",,,,,
03/23/2023,"1,993.50",,,,,
03/22/2023,"1,969.58",,,,,
03/21/2023,"1,940.15",,,,,
03/20/2023,"1,978.71",,,,,
03/17/2023,"1,987.93",,,,,
03/16/2023,"1,919.12",,,,,
03/15/2023,"1,918.10",,,,,
03/14/2023,"1,902.12",,,,,
03/13/2023,"1,913.23",,,,,
03/10/2023,"1,867.83",,,,,
03/09/2023,"1,830.89",,,,,
03/08/2023,"1,813.59",,,,,
03/07/2023,"1,813.52",,,,,
03/06/2023,"1,846.85",,,,,
03/03/2023,"1,854.97",,,,,
03/02/2023,"1,836.00",,,,,
03/01/2023,"1,836.81",,,,,
02/28/2023,"1,827.15",,,,,
02/27/2023,"1,817.31",,,,,
02/24/2023,"1,810.81",,,,,
02/23/2023,"1,822.64",,,,,
02/22/2023,"1,825.04",,,,,
02/21/2023,"1,834.32",,,,,
02/20/2023,"1,841.14",,,,,
02/17/2023,"1,841.59",,,,,
02/16/2023,"1,837.44",,,,,
02/15/2023,"1,836.19",,,,,
02/14/2023,"1,854.29",,,,,
02/13/2023,"1,853.39",,,,,
02/10/2023,"1,864.67",,,,,
02/09/2023,"1,861.39",,,,,
02/08/2023,"1,875.59",,,,,
02/07/2023,"1,873.81",,,,,
02/06/2023,"1,867.36",,,,,
02/03/2023,"1,865.53",,,,,
02/02/2023,"1,912.37",,,,,
02/01/2023,"1,950.42",,,,,
01/31/2023,"1,927.88",,,,,
01/30/2023,"1,922.52",,,,,
01/27/2023,"1,927.34",,,,,
01/26/2023,"1,928.99",,,,,
01/25/2023,"1,945.93",,,,,
01/24/2023,"1,937.45",,,,,
01/23/2023,"1,931.30",,,,,
01/20/2023,"1,926.57",,,,,
01/19/2023,"1,931.39",,,,,
01/18/2023,"1,903.76",,,,,
01/17/2023,"1,908.39",,,,,
01/16/2023,"1,918.00",,,,,
01/13/2023,"1,920.21",,,,,
01/12/2023,"1,896.86",,,,,
01/11/2023,"1,876.38",,,,,
01/10/2023,"1,877.27",,,,,
01/09/2023,"1,871.59",,,,,
01/06/2023,"1,865.71",,,,,
01/05/2023,"1,833.19",,,,,
01/04/2023,"1,854.09",,,,,
01/03/2023,"1,839.49",,,,,
01/02/2023,"1,823.69",,,,,
12/30/2022,"1,824.40",,,,,
12/29/2022,"1,814.89",,,,,
12/28/2022,"1,804.09",,,,,
12/27/2022,"1,813.93",,,,,
12/26/2022,"1,797.61",,,,,
12/23/2022,"1,797.91",,,,,
12/22/2022,"1,792.57",,,,,
12/21/2022,"1,814.13",,,,,
12/20/2022,"1,817.41",,,,,
12/19/2022,"1,787.44",,,,,
12/16/2022,"1,792.34",,,,,
12/15/2022,"1,776.66",,,,,
12/14/2022,"1,807.27",,,,,
12/13/2022,"1,810.29",,,,,
12/12/2022,"1,781.15",,,,,
12/09/2022,"1,796.63",,,,,
12/08/2022,"1,789.23",,,,,
12/07/2022,"1,786.22",,,,,
12/06/2022,"1,770.91",,,,,
12/05/2022,"1,768.39",,,,,
12/02/2022,"1,797.82",,,,,
12/01/2022,"1,802.89",,,,,
11/30/2022,"1,768.45",,,,,
11/29/2022,"1,749.73",,,,,
11/28/2022,"1,740.75",,,,,
11/25/2022,"1,756.14",,,,,
11/24/2022,"1,754.96",,,,,
11/23/2022,"1,749.28",,,,,
11/22/2022,"1,740.24",,,,,
11/21/2022,"1,737.81",,,,,
11/18/2022,"1,749.74",,,,,
11/17/2022,"1,760.87",,,,,
11/16/2022,"1,773.77",,,,,
11/15/2022,"1,778.25",,,,,
11/14/2022,"1,771.80",,,,,
11/11/2022,"1,770.69",,,,,
11/10/2022,"1,754.75",,,,,
11/09/2022,"1,706.32",,,,,
11/08/2022,"1,712.52",,,,,
11/07/2022,"1,674.68",,,,,
11/04/2022,"1,680.27",,,,,
11/03/2022,"1,629.15",,,,,
11/02/2022,"1,634.89",,,,,
11/01/2022,"1,647.50",,,,,
10/31/2022,"1,633.12",,,,,
10/28/2022,"1,641.76",,,,,
10/27/2022,"1,662.94",,,,,
10/26/2022,"1,664.49",,,,,
10/25/2022,"1,652.52",,,,,
10/24/2022,"1,648.60",,,,,
10/21/2022,"1,656.66",,,,,
10/20/2022,"1,627.66",,,,,
10/19/2022,"1,628.49",,,,,
10/18/2022,"1,651.83",,,,,
10/17/2022,"1,649.94",,,,,
10/14/2022,"1,641.76",,,,,
10/13/2022,"1,665.80",,,,,
10/12/2022,"1,672.51",,,,,
10/11/2022,"1,665.31",,,,,
10/10/2022,"1,667.96",,,,,
10/07/2022,"1,694.52",,,,,
10/06/2022,"1,710.85",,,,,
10/05/2022,"1,715.81",,,,,
10/04/2022,"1,726.24",,,,,
10/03/2022,"1,699.22",,,,,
09/30/2022,"1,659.67",,,,,
09/29/2022,"1,660.29",,,,,
09/28/2022,"1,659.44",,,,,
09/27/2022,"1,628.80",,,,,
09/26/2022,"1,621.57",,,,,
09/23/2022,"1,643.09",,,,,
09/22/2022,"1,670.53",,,,,
09/21/2022,"1,673.74",,,,,
09/20/2022,"1,663.11",,,,,
09/19/2022,"1,675.78",,,,,
09/16/2022,"1,674.94",,,,,
09/15/2022,"1,663.74",,,,,
09/14/2022,"1,695.80",,,,,
09/13/2022,"1,701.55",,,,,
09/12/2022,"1,724.07",,,,,
09/09/2022,"1,716.05",,,,,
09/08/2022,"1,707.28",,,,,
09/07/2022,"1,717.69",,,,,
09/06/2022,"1,701.15",,,,,
09/05/2022,"1,710.21",,,,,
09/02/2022,"1,711.44",,,,,
09/01/2022,"1,696.09",,,,,
08/31/2022,"1,710.70",,,,,
08/30/2022,"1,723.55",,,,,
08/29/2022,"1,737.82",,,,,
08/26/2022,"1,736.86",,,,,
08/25/2022,"1,758.44",,,,,
08/24/2022,"1,750.89",,,,,
08/23/2022,"1,747.67",,,,,
08/22/2022,"1,735.70",,,,,
08/19/2022,"1,747.83",,,,,
08/18/2022,"1,758.20",,,,,
08/17/2022,"1,761.05",,,,,
08/16/2022,"1,775.54",,,,,
08/15/2022,"1,778.91",,,,,
08/12/2022,"1,801.76",,,,,
08/11/2022,"1,789.45",,,,,
08/10/2022,"1,792.13",,,,,
08/09/2022,"1,794.08",,,,,
08/08/2022,"1,788.52",,,,,
08/05/2022,"1,774.15",,,,,
08/04/2022,"1,790.97",,,,,
08/03/2022,"1,764.90",,,,,
08/02/2022,"1,759.75",,,,,
08/01/2022,"1,771.73",,,,,
07/29/2022,"1,765.22",,,,,
07/28/2022,"1,755.11",,,,,
07/27/2022,"1,733.89",,,,,
07/26/2022,"1,717.00",,,,,
07/25/2022,"1,718.78",,,,,
07/22/2022,"1,726.46",,,,,
07/21/2022,"1,718.49",,,,,
07/20/2022,"1,696.43",,,,,
07/19/2022,"1,711.07",,,,,
07/18/2022,"1,709.01",,,,,
07/15/2022,"1,706.78",,,,,
07/14/2022,"1,709.45",,,,,
07/13/2022,"1,735.23",,,,,
07/12/2022,"1,725.81",,,,,
07/11/2022,"1,733.67",,,,,
07/08/2022,"1,741.82",,,,,
07/07/2022,"1,739.61",,,,,
07/06/2022,"1,738.30",,,,,
07/05/2022,"1,764.35",,,,,
07/04/2022,"1,809.12",,,,,
07/01/2022,"1,810.18",,,,,
06/30/2022,"1,806.89",,,,,
06/29/2022,"1,817.11",,,,,
06/28/2022,"1,819.69",,,,,
06/27/2022,"1,822.73",,,,,
06/24/2022,"1,826.18",,,,,
06/23/2022,"1,822.43",,,,,
06/22/2022,"1,837.39",,,,,
06/21/2022,"1,832.56",,,,,
06/20/2022,"1,838.29",,,,,
06/17/2022,"1,839.35",,,,,
06/16/2022,"1,856.71",,,,,
06/15/2022,"1,833.38",,,,,
06/14/2022,"1,808.10",,,,,
06/13/2022,"1,818.77",,,,,
06/10/2022,"1,870.96",,,,,
06/09/2022,"1,847.61",,,,,
06/08/2022,"1,853.26",,,,,
06/07/2022,"1,851.97",,,,,
06/06/2022,"1,841.00",,,,,
06/03/2022,"1,850.77",,,,,
06/02/2022,"1,868.13",,,,,
06/01/2022,"1,845.55",,,,,
05/31/2022,"1,837.09",,,,,
05/30/2022,"1,856.21",,,,,
05/27/2022,"1,852.73",,,,,
05/26/2022,"1,850.02",,,,,
05/25/2022,"1,852.83",,,,,
05/24/2022,"1,865.90",,,,,
05/23/2022,"1,853.22",,,,,
05/20/2022,"1,845.68",,,,,
05/19/2022,"1,841.72",,,,,
05/18/2022,"1,815.61",,,,,
05/17/2022,"1,814.67",,,,,
05/16/2022,"1,823.79",,,,,
05/13/2022,"1,811.15",,,,,
05/12/2022,"1,821.72",,,,,
05/11/2022,"1,852.12",,,,,
05/10/2022,"1,838.14",,,,,
05/09/2022,"1,853.92",,,,,
05/06/2022,"1,882.96",,,,,
05/05/2022,"1,876.84",,,,,
05/04/2022,"1,880.92",,,,,
05/03/2022,"1,867.79",,,,,
05/02/2022,"1,862.77",,,,,
04/29/2022,"1,896.40",,,,,
04/28/2022,"1,894.34",,,,,
04/27/2022,"1,886.12",,,,,
04/26/2022,"1,905.56",,,,,
04/25/2022,"1,897.69",,,,,
04/22/2022,"1,929.73",,,,,
04/21/2022,"1,951.49",,,,,
04/20/2022,"1,957.41",,,,,
04/19/2022,"1,949.84",,,,,
04/18/2022,"1,978.50",,,,,
04/15/2022,"1,974.54",,,,,
04/14/2022,"1,973.52",,,,,
04/13/2022,"1,977.72",,,,,
04/12/2022,"1,966.59",,,,,
04/11/2022,"1,953.43",,,,,
04/08/2022,"1,945.85",,,,,
04/07/2022,"1,932.17",,,,,
04/06/2022,"1,925.48",,,,,
04/05/2022,"1,923.76",,,,,
04/04/2022,"1,932.44",,,,,
04/01/2022,"1,924.30",,,,,
03/31/2022,"1,937.23",,,,,
03/30/2022,"1,933.06",,,,,
03/29/2022,"1,919.19",,,,,
03/28/2022,"1,923.20",,,,,
03/25/2022,"1,957.40",,,,,
03/24/2022,"1,957.48",,,,,
03/23/2022,"1,943.38",,,,,
03/22/2022,"1,921.44",,,,,
03/21/2022,"1,935.95",,,,,
03/18/2022,"1,921.09",,,,,
03/17/2022,"1,942.64",,,,,
03/16/2022,"1,927.93",,,,,
03/15/2022,"1,917.84",,,,,
03/14/2022,"1,951.11",,,,,
03/11/2022,"1,985.29",,,,,
03/10/2022,"1,995.86",,,,,
03/09/2022,"1,991.49",,,,,
03/08/2022,"2,052.41",,,,,
03/07/2022,"1,998.11",,,,,
03/04/2022,"1,968.45",,,,,
03/03/2022,"1,935.21",,,,,
03/02/2022,"1,926.11",,,,,
03/01/2022,"1,943.22",,,,,
02/28/2022,"1,907.90",,,,,
02/25/2022,"1,887.56",,,,,
02/24/2022,"1,903.14",,,,,
02/23/2022,"1,907.55",,,,,
02/22/2022,"1,898.13",,,,,
02/21/2022,"1,905.63",,,,,
02/18/2022,"1,897.87",,,,,
02/17/2022,"1,897.27",,,,,
02/16/2022,"1,868.37",,,,,
02/15/2022,"1,853.06",,,,,
02/14/2022,"1,870.29",,,,,
02/11/2022,"1,859.96",,,,,
02/10/2022,"1,826.57",,,,,
02/09/2022,"1,832.43",,,,,
02/08/2022,"1,825.48",,,,,
02/07/2022,"1,820.31",,,,,
02/04/2022,"1,807.49",,,,,
02/03/2022,"1,804.40",,,,,
02/02/2022,"1,806.50",,,,,
02/01/2022,"1,800.65",,,,,
01/31/2022,"1,796.47",,,,,
01/28/2022,"1,791.03",,,,,
01/27/2022,"1,796.51",,,,,
01/26/2022,"1,818.12",,,,,
01/25/2022,"1,847.56",,,,,
01/24/2022,"1,843.06",,,,,
01/21/2022,"1,833.24",,,,,
01/20/2022,"1,838.36",,,,,
01/19/2022,"1,839.96",,,,,
01/18/2022,"1,813.54",,,,,
01/17/2022,"1,818.99",,,,,
01/14/2022,"1,817.22",,,,,
01/13/2022,"1,822.09",,,,,
01/12/2022,"1,825.32",,,,,
01/11/2022,"1,822.01",,,,,
01/10/2022,"1,801.41",,,,,
01/07/2022,"1,795.63",,,,,
01/06/2022,"1,788.68",,,,,
01/05/2022,"1,809.53",,,,,
01/04/2022,"1,814.56",,,,,
01/03/2022,"1,800.85",,,,,
12/31/2021,"1,828.39",,,,,
12/30/2021,"1,815.01",,,,,
12/29/2021,"1,803.66",,,,,
12/28/2021,"1,805.37",,,,,
12/27/2021,"1,810.90",,,,,
12/24/2021,"1,808.11",,,,,
12/23/2021,"1,807.91",,,,,
12/22/2021,"1,803.40",,,,,
12/21/2021,"1,788.36",,,,,
12/20/2021,"1,789.32",,,,,
12/17/2021,"1,797.68",,,,,
12/16/2021,"1,799.03",,,,,
12/15/2021,"1,777.06",,,,,
12/14/2021,"1,770.18",,,,,
12/13/2021,"1,786.94",,,,,
12/10/2021,"1,782.51",,,,,
12/09/2021,"1,774.46",,,,,
12/08/2021,"1,782.06",,,,,
12/07/2021,"1,784.04",,,,,
12/06/2021,"1,778.11",,,,,
12/03/2021,"1,783.74",,,,,
12/02/2021,"1,768.64",,,,,
12/01/2021,"1,782.66",,,,,
11/30/2021,"1,773.78",,,,,
11/29/2021,"1,785.01",,,,,
11/26/2021,"1,791.81",,,,,
11/25/2021,"1,788.45",,,,,
11/24/2021,"1,788.50",,,,,
11/23/2021,"1,789.73",,,,,
11/22/2021,"1,805.04",,,,,
11/19/2021,"1,844.60",,,,,
11/18/2021,"1,858.46",,,,,
11/17/2021,"1,866.96",,,,,
11/16/2021,"1,849.91",,,,,
11/15/2021,"1,862.46",,,,,
11/12/2021,"1,864.04",,,,,
11/11/2021,"1,861.52",,,,,
11/10/2021,"1,849.57",,,,,
11/09/2021,"1,831.48",,,,,
11/08/2021,"1,824.26",,,,,
11/05/2021,"1,816.73",,,,,
11/04/2021,"1,791.70",,,,,
11/03/2021,"1,769.52",,,,,
11/02/2021,"1,787.28",,,,,
11/01/2021,"1,793.05",,,,,
10/29/2021,"1,782.81",,,,,
10/28/2021,"1,798.62",,,,,
10/27/2021,"1,796.69",,,,,
10/26/2021,"1,792.63",,,,,
10/25/2021,"1,807.47",,,,,
10/22/2021,"1,792.48",,,,,
10/21/2021,"1,782.76",,,,,
10/20/2021,"1,781.83",,,,,
10/19/2021,"1,768.87",,,,,
10/18/2021,"1,764.60",,,,,
10/15/2021,"1,767.26",,,,,
10/14/2021,"1,795.56",,,,,
10/13/2021,"1,792.65",,,,,
10/12/2021,"1,759.93",,,,,
10/11/2021,"1,753.86",,,,,
10/08/2021,"1,756.67",,,,,
10/07/2021,"1,755.29",,,,,
10/06/2021,"1,762.48",,,,,
10/05/2021,"1,759.96",,,,,
10/04/2021,"1,769.51",,,,,
10/01/2021,"1,760.36",,,,,
09/30/2021,"1,756.66",,,,,
09/29/2021,"1,726.11",,,,,
09/28/2021,"1,733.68",,,,,
09/27/2021,"1,749.85",,,,,
09/24/2021,"1,749.86",,,,,
09/23/2021,"1,742.57",,,,,
09/22/2021,"1,767.91",,,,,
09/21/2021,"1,774.25",,,,,
09/20/2021,"1,763.88",,,,,
09/17/2021,"1,754.16",,,,,
09/16/2021,"1,753.39",,,,,
09/15/2021,"1,792.59",,,,,
09/14/2021,"1,804.27",,,,,
09/13/2021,"1,793.49",,,,,
09/10/2021,"1,787.34",,,,,
09/09/2021,"1,794.69",,,,,
09/08/2021,"1,788.93",,,,,
09/07/2021,"1,794.13",,,,,
09/06/2021,"1,823.10",,,,,
09/03/2021,"1,826.19",,,,,
09/02/2021,"1,809.40",,,,,
09/01/2021,"1,813.66",,,,,
08/31/2021,"1,813.43",,,,,
08/30/2021,"1,810.17",,,,,
08/27/2021,"1,816.67",,,,,
08/26/2021,"1,792.16",,,,,
08/25/2021,"1,790.68",,,,,
08/24/2021,"1,802.61",,,,,
08/23/2021,"1,805.20",,,,,
08/20/2021,"1,780.87",,,,,
08/19/2021,"1,780.18",,,,,
08/18/2021,"1,787.59",,,,,
08/17/2021,"1,785.96",,,,,
08/16/2021,"1,787.24",,,,,
08/13/2021,"1,779.15",,,,,
08/12/2021,"1,752.44",,,,,
08/11/2021,"1,751.56",,,,,
08/10/2021,"1,728.71",,,,,
08/09/2021,"1,729.46",,,,,
08/06/2021,"1,762.69",,,,,
08/05/2021,"1,804.01",,,,,
08/04/2021,"1,811.41",,,,,
08/03/2021,"1,809.94",,,,,
08/02/2021,"1,813.39",,,,,
07/30/2021,"1,813.58",,,,,
07/29/2021,"1,827.95",,,,,
07/28/2021,"1,806.88",,,,,
07/27/2021,"1,798.73",,,,,
07/26/2021,"1,797.27",,,,,
07/23/2021,"1,801.34",,,,,
07/22/2021,"1,806.69",,,,,
07/21/2021,"1,803.31",,,,,
07/20/2021,"1,810.03",,,,,
07/19/2021,"1,812.34",,,,,
07/16/2021,"1,810.89",,,,,
07/15/2021,"1,829.19",,,,,
07/14/2021,"1,827.06",,,,,
07/13/2021,"1,807.44",,,,,
07/12/2021,"1,805.88",,,,,
07/09/2021,"1,807.98",,,,,
07/08/2021,"1,802.56",,,,,
07/07/2021,"1,803.41",,,,,
07/06/2021,"1,796.69",,,,,
07/05/2021,"1,791.61",,,,,
07/02/2021,"1,786.79",,,,,
07/01/2021,"1,776.60",,,,,
06/30/2021,"1,769.80",,,,,
06/29/2021,"1,761.09",,,,,
06/28/2021,"1,778.18",,,,,
06/25/2021,"1,780.34",,,,,
06/24/2021,"1,775.18",,,,,
06/23/2021,"1,778.73",,,,,
06/22/2021,"1,778.51",,,,,
06/21/2021,"1,782.95",,,,,
06/18/2021,"1,763.34",,,,,
06/17/2021,"1,773.31",,,,,
06/16/2021,"1,811.95",,,,,
06/15/2021,"1,858.69",,,,,
06/14/2021,"1,865.99",,,,,
06/11/2021,"1,876.64",,,,,
06/10/2021,"1,898.14",,,,,
06/09/2021,"1,888.30",,,,,
06/08/2021,"1,892.82",,,,,
06/07/2021,"1,899.00",,,,,
06/04/2021,"1,889.97",,,,,
06/03/2021,"1,870.57",,,,,
06/02/2021,"1,907.94",,,,,
06/01/2021,"1,900.19",,,,,
05/31/2021,"1,906.36",,,,,
05/28/2021,"1,902.64",,,,,
05/27/2021,"1,896.08",,,,,
05/26/2021,"1,896.44",,,,,
05/25/2021,"1,899.26",,,,,
05/24/2021,"1,881.07",,,,,
05/21/2021,"1,880.30",,,,,
05/20/2021,"1,876.69",,,,,
05/19/2021,"1,869.57",,,,,
05/18/2021,"1,868.22",,,,,
05/17/2021,"1,866.13",,,,,
05/14/2021,"1,842.19",,,,,
05/13/2021,"1,826.57",,,,,
05/12/2021,"1,815.44",,,,,
05/11/2021,"1,836.94",,,,,
05/10/2021,"1,835.44",,,,,
05/07/2021,"1,830.48",,,,,
05/06/2021,"1,815.18",,,,,
05/05/2021,"1,786.44",,,,,
05/04/2021,"1,778.48",,,,,
05/03/2021,"1,792.36",,,,,
04/30/2021,"1,768.59",,,,,
04/29/2021,"1,771.24",,,,,
04/28/2021,"1,781.32",,,,,
04/27/2021,"1,776.69",,,,,
04/26/2021,"1,780.19",,,,,
04/23/2021,"1,777.18",,,,,
04/22/2021,"1,783.94",,,,,
04/21/2021,"1,793.46",,,,,
04/20/2021,"1,777.25",,,,,
04/19/2021,"1,769.31",,,,,
04/16/2021,"1,776.31",,,,,
04/15/2021,"1,763.21",,,,,
04/14/2021,"1,736.00",,,,,
04/13/2021,"1,743.83",,,,,
04/12/2021,"1,732.51",,,,,
04/09/2021,"1,743.10",,,,,
04/08/2021,"1,755.94",,,,,
04/07/2021,"1,737.28",,,,,
04/06/2021,"1,743.57",,,,,
04/05/2021,"1,728.44",,,,,
04/02/2021,"1,728.84",,,,,
04/01/2021,"1,730.18",,,,,
03/31/2021,"1,707.01",,,,,
03/30/2021,"1,684.80",,,,,
03/29/2021,"1,711.99",,,,,
03/26/2021,"1,731.97",,,,,
03/25/2021,"1,726.82",,,,,
03/24/2021,"1,734.19",,,,,
03/23/2021,"1,727.11",,,,,
03/22/2021,"1,738.69",,,,,
03/19/2021,"1,744.74",,,,,
03/18/2021,"1,736.41",,,,,
03/17/2021,"1,744.44",,,,,
03/16/2021,"1,730.94",,,,,
03/15/2021,"1,731.84",,,,,
03/12/2021,"1,726.41",,,,,
03/11/2021,"1,721.41",,,,,
03/10/2021,"1,726.05",,,,,
03/09/2021,"1,715.36",,,,,
03/08/2021,"1,681.24",,,,,
03/05/2021,"1,700.86",,,,,
03/04/2021,"1,697.19",,,,,
03/03/2021,"1,710.95",,,,,
03/02/2021,"1,738.09",,,,,
03/01/2021,"1,723.84",,,,,
02/26/2021,"1,733.49",,,,,
02/25/2021,"1,769.88",,,,,
02/24/2021,"1,804.36",,,,,
02/23/2021,"1,805.06",,,,,
02/22/2021,"1,808.66",,,,,
02/19/2021,"1,782.31",,,,,
02/18/2021,"1,775.49",,,,,
02/17/2021,"1,776.26",,,,,
02/16/2021,"1,794.31",,,,,
02/15/2021,"1,818.51",,,,,
02/12/2021,"1,823.46",,,,,
02/11/2021,"1,825.36",,,,,
02/10/2021,"1,842.22",,,,,
02/09/2021,"1,837.06",,,,,
02/08/2021,"1,830.16",,,,,
02/05/2021,"1,811.62",,,,,
02/04/2021,"1,792.26",,,,,
02/03/2021,"1,833.76",,,,,
02/02/2021,"1,837.35",,,,,
02/01/2021,"1,860.16",,,,,
01/29/2021,"1,846.09",,,,,
01/28/2021,"1,840.36",,,,,
01/27/2021,"1,843.99",,,,,
01/26/2021,"1,850.31",,,,,
01/25/2021,"1,854.99",,,,,
01/22/2021,"1,852.55",,,,,
01/21/2021,"1,869.91",,,,,
01/20/2021,"1,870.91",,,,,
01/19/2021,"1,839.34",,,,,
01/18/2021,"1,836.89",,,,,
01/15/2021,"1,826.59",,,,,
01/14/2021,"1,846.37",,,,,
01/13/2021,"1,843.41",,,,,
01/12/2021,"1,855.63",,,,,
01/11/2021,"1,844.66",,,,,
01/08/2021,"1,848.26",,,,,
01/07/2021,"1,912.50",,,,,
01/06/2021,"1,918.81",,,,,
01/05/2021,"1,949.35",,,,,
01/04/2021,"1,942.28",,,,,
01/01/2021,"1,898.10",,,,,
12/31/2020,"1,896.49",,,,,
12/30/2020,"1,893.37",,,,,
12/29/2020,"1,877.99",,,,,
12/28/2020,"1,871.19",,,,,
12/25/2020,"1,875.82",,,,,
12/24/2020,"1,876.56",,,,,
12/23/2020,"1,872.08",,,,,
12/22/2020,"1,859.56",,,,,
12/21/2020,"1,876.21",,,,,
12/18/2020,"1,880.66",,,,,
12/17/2020,"1,885.87",,,,,
12/16/2020,"1,864.15",,,,,
12/15/2020,"1,853.46",,,,,
12/14/2020,"1,827.17",,,,,
12/11/2020,"1,839.03",,,,,
12/10/2020,"1,835.31",,,,,
12/09/2020,"1,839.11",,,,,
12/08/2020,"1,871.36",,,,,
12/07/2020,"1,863.69",,,,,
12/04/2020,"1,837.61",,,,,
12/03/2020,"1,840.36",,,,,
12/02/2020,"1,831.01",,,,,
12/01/2020,"1,814.87",,,,,
11/30/2020,"1,777.02",,,,,
11/27/2020,"1,788.13",,,,,
11/26/2020,"1,810.57",,,,,
11/25/2020,"1,805.30",,,,,
11/24/2020,"1,807.51",,,,,
11/23/2020,"1,835.85",,,,,
11/20/2020,"1,870.49",,,,,
11/19/2020,"1,867.37",,,,,
11/18/2020,"1,871.41",,,,,
11/17/2020,"1,878.60",,,,,
11/16/2020,"1,888.52",,,,,
11/13/2020,"1,888.04",,,,,
11/12/2020,"1,875.76",,,,,
11/11/2020,"1,864.71",,,,,
11/10/2020,"1,876.50",,,,,
11/09/2020,"1,861.86",,,,,
11/06/2020,"1,951.51",,,,,
11/05/2020,"1,948.56",,,,,
11/04/2020,"1,903.21",,,,,
11/03/2020,"1,908.36",,,,,
11/02/2020,"1,895.10",,,,,
10/30/2020,"1,877.95",,,,,
10/29/2020,"1,867.13",,,,,
10/28/2020,"1,877.06",,,,,
10/27/2020,"1,906.83",,,,,
10/26/2020,"1,901.69",,,,,
10/23/2020,"1,900.79",,,,,
10/22/2020,"1,904.04",,,,,
10/21/2020,"1,924.49",,,,,
10/20/2020,"1,906.39",,,,,
10/19/2020,"1,904.27",,,,,
10/16/2020,"1,898.97",,,,,
10/15/2020,"1,907.82",,,,,
10/14/2020,"1,900.89",,,,,
10/13/2020,"1,890.82",,,,,
10/12/2020,"1,921.95",,,,,
10/09/2020,"1,929.43",,,,,
10/08/2020,"1,893.09",,,,,
10/07/2020,"1,887.22",,,,,
10/06/2020,"1,877.13",,,,,
10/05/2020,"1,912.90",,,,,
10/02/2020,"1,898.70",,,,,
10/01/2020,"1,905.05",,,,,
09/30/2020,"1,885.44",,,,,
09/29/2020,"1,897.69",,,,,
09/28/2020,"1,880.85",,,,,
09/25/2020,"1,860.05",,,,,
09/24/2020,"1,868.04",,,,,
09/23/2020,"1,863.55",,,,,
09/22/2020,"1,899.28",,,,,
09/21/2020,"1,912.57",,,,,
09/18/2020,"1,949.69",,,,,
09/17/2020,"1,942.60",,,,,
09/16/2020,"1,959.32",,,,,
09/15/2020,"1,955.52",,,,,
09/14/2020,"1,956.37",,,,,
09/11/2020,"1,941.50",,,,,
09/10/2020,"1,954.07",,,,,
09/09/2020,"1,946.66",,,,,
09/08/2020,"1,931.26",,,,,
09/07/2020,"1,929.18",,,,,
09/04/2020,"1,932.85",,,,,
09/03/2020,"1,930.85",,,,,
09/02/2020,"1,942.98",,,,,
09/01/2020,"1,970.49",,,,,
08/31/2020,"1,970.15",,,,,
08/28/2020,"1,964.89",,,,,
08/27/2020,"1,929.20",,,,,
08/26/2020,"1,954.03",,,,,
08/25/2020,"1,928.19",,,,,
08/24/2020,"1,933.09",,,,,
08/21/2020,"1,940.16",,,,,
08/20/2020,"1,943.60",,,,,
08/19/2020,"1,929.82",,,,,
08/18/2020,"2,001.20",,,,,
08/17/2020,"1,986.20",,,,,
08/14/2020,"1,944.29",,,,,
08/13/2020,"1,954.00",,,,,
08/12/2020,"1,918.07",,,,,
08/11/2020,"1,911.64",,,,,
08/10/2020,"2,027.77",,,,,
08/07/2020,"2,035.03",,,,,
08/06/2020,"2,063.81",,,,,
08/05/2020,"2,040.40",,,,,
08/04/2020,"2,018.52",,,,,
08/03/2020,"1,977.25",,,,,
07/31/2020,"1,975.89",,,,,
07/30/2020,"1,960.50",,,,,
07/29/2020,"1,970.73",,,,,
07/28/2020,"1,959.50",,,,,
07/27/2020,"1,942.42",,,,,
07/24/2020,"1,901.46",,,,,
07/23/2020,"1,887.44",,,,,
07/22/2020,"1,872.07",,,,,
07/21/2020,"1,842.22",,,,,
07/20/2020,"1,816.09",,,,,
07/17/2020,"1,809.90",,,,,
07/16/2020,"1,797.05",,,,,
07/15/2020,"1,811.90",,,,,
07/14/2020,"1,807.78",,,,,
07/13/2020,"1,803.39",,,,,
07/10/2020,"1,798.89",,,,,
07/09/2020,"1,803.19",,,,,
07/08/2020,"1,810.78",,,,,
07/07/2020,"1,795.26",,,,,
07/06/2020,"1,783.90",,,,,
07/03/2020,"1,775.05",,,,,
07/02/2020,"1,776.13",,,,,
07/01/2020,"1,770.32",,,,,
06/30/2020,"1,781.66",,,,,
06/29/2020,"1,772.28",,,,,
06/26/2020,"1,771.47",,,,,
06/25/2020,"1,761.82",,,,,
06/24/2020,"1,762.43",,,,,
06/23/2020,"1,767.54",,,,,
06/22/2020,"1,755.44",,,,,
06/19/2020,"1,743.62",,,,,
06/18/2020,"1,722.99",,,,,
06/17/2020,"1,727.04",,,,,
06/16/2020,"1,727.46",,,,,
06/15/2020,"1,725.53",,,,,
06/12/2020,"1,730.80",,,,,
06/11/2020,"1,727.51",,,,,
06/10/2020,"1,737.10",,,,,
06/09/2020,"1,714.57",,,,,
06/08/2020,"1,695.47",,,,,
06/05/2020,"1,685.83",,,,,
06/04/2020,"1,711.84",,,,,
06/03/2020,"1,698.63",,,,,
06/02/2020,"1,727.97",,,,,
06/01/2020,"1,740.34",,,,,
05/29/2020,"1,728.30",,,,,
05/28/2020,"1,719.40",,,,,
05/27/2020,"1,709.25",,,,,
05/26/2020,"1,712.45",,,,,
05/25/2020,"1,729.57",,,,,
05/22/2020,"1,736.07",,,,,
05/21/2020,"1,726.34",,,,,
05/20/2020,"1,749.50",,,,,
05/19/2020,"1,745.11",,,,,
05/18/2020,"1,732.32",,,,,
05/15/2020,"1,743.00",,,,,
05/14/2020,"1,730.65",,,,,
05/13/2020,"1,715.99",,,,,
05/12/2020,"1,702.72",,,,,
05/11/2020,"1,697.35",,,,,
05/08/2020,"1,702.65",,,,,
05/07/2020,"1,717.94",,,,,
05/06/2020,"1,685.88",,,,,
05/05/2020,"1,707.17",,,,,
05/04/2020,"1,701.69",,,,,
05/01/2020,"1,700.41",,,,,
04/30/2020,"1,685.05",,,,,
04/29/2020,"1,712.38",,,,,
04/28/2020,"1,708.63",,,,,
04/27/2020,"1,715.57",,,,,
04/24/2020,"1,729.43",,,,,
04/23/2020,"1,731.59",,,,,
04/22/2020,"1,714.82",,,,,
04/21/2020,"1,687.02",,,,,
04/20/2020,"1,694.12",,,,,
04/17/2020,"1,684.69",,,,,
04/16/2020,"1,718.40",,,,,
04/15/2020,"1,716.60",,,,,
04/14/2020,"1,729.70",,,,,
04/13/2020,"1,714.32",,,,,
04/10/2020,"1,689.90",,,,,
04/09/2020,"1,684.07",,,,,
04/08/2020,"1,646.52",,,,,
04/07/2020,"1,648.95",,,,,
04/06/2020,"1,663.00",,,,,
04/03/2020,"1,618.45",,,,,
04/02/2020,"1,613.79",,,,,
04/01/2020,"1,595.05",,,,,
03/31/2020,"1,571.31",,,,,
03/30/2020,"1,623.30",,,,,
03/27/2020,"1,623.50",,,,,
03/26/2020,"1,632.38",,,,,
03/25/2020,"1,613.79",,,,,
03/24/2020,"1,622.03",,,,,
03/23/2020,"1,553.81",,,,,
03/20/2020,"1,498.24",,,,,
03/19/2020,"1,471.00",,,,,
03/18/2020,"1,486.30",,,,,
03/17/2020,"1,528.58",,,,,
03/16/2020,"1,514.61",,,,,
03/13/2020,"1,529.70",,,,,
03/12/2020,"1,577.09",,,,,
03/11/2020,"1,635.03",,,,,
03/10/2020,"1,649.36",,,,,
03/09/2020,"1,680.20",,,,,
03/06/2020,"1,674.23",,,,,
03/05/2020,"1,670.61",,,,,
03/04/2020,"1,635.83",,,,,
03/03/2020,"1,639.77",,,,,
03/02/2020,"1,590.73",,,,,
02/28/2020,"1,585.12",,,,,
02/27/2020,"1,642.35",,,,,
02/26/2020,"1,639.96",,,,,
02/25/2020,"1,635.38",,,,,
02/24/2020,"1,660.72",,,,,
02/21/2020,"1,643.70",,,,,
02/20/2020,"1,619.70",,,,,
02/19/2020,"1,611.64",,,,,
02/18/2020,"1,601.91",,,,,
02/17/2020,"1,581.10",,,,,
02/14/2020,"1,584.70",,,,,
02/13/2020,"1,576.39",,,,,
02/12/2020,"1,565.63",,,,,
02/11/2020,"1,567.72",,,,,
02/10/2020,"1,572.30",,,,,
02/07/2020,"1,570.29",,,,,
02/06/2020,"1,566.85",,,,,
02/05/2020,"1,556.70",,,,,
02/04/2020,"1,552.55",,,,,
02/03/2020,"1,576.45",,,,,
01/31/2020,"1,590.20",,,,,
01/30/2020,"1,574.22",,,,,
01/29/2020,"1,577.12",,,,,
01/28/2020,"1,566.24",,,,,
01/27/2020,"1,581.95",,,,,
01/24/2020,"1,570.65",,,,,
01/23/2020,"1,563.33",,,,,
01/22/2020,"1,558.91",,,,,
01/21/2020,"1,558.02",,,,,
01/20/2020,"1,561.58",,,,,
01/17/2020,"1,556.61",,,,,
01/16/2020,"1,552.79",,,,,
01/15/2020,"1,556.19",,,,,
01/14/2020,"1,546.37",,,,,
01/13/2020,"1,548.30",,,,,
01/10/2020,"1,562.28",,,,,
01/09/2020,"1,552.37",,,,,
01/08/2020,"1,555.81",,,,,
01/07/2020,"1,573.99",,,,,
01/06/2020,"1,565.96",,,,,
01/03/2020,"1,551.65",,,,,
01/02/2020,"1,528.94",,,,,
01/01/2020,"1,517.30",,,,,